Id,DistrictId,Rooms,Square,LifeSquare,KitchenSquare,Floor,HouseFloor,HouseYear,Ecology_1,Ecology_2,Ecology_3,Social_1,Social_2,Social_3,Healthcare_1,Helthcare_2,Shops_1,Shops_2
4567,44,1,36.84763006,19.09418248,5,5,9,1970,0.036122292,B,B,24,4378,0,1036.0,1,1,B
5925,62,1,42.49390721,42.5681326,10,7,17,2017,0.072157581,B,B,2,629,1,1152.6307692307691,0,0,A
960,27,2,59.46367829,36.407049064837906,9,19,19,1977,0.211401214,B,B,9,1892,0,1152.6307692307691,0,1,B
3848,23,3,49.64602983,33.89382537,6,2,2,1965,0.014072961,B,B,2,475,0,1152.6307692307691,0,0,B
746,74,1,53.83705552,36.407049064837906,1,8,17,1977,0.309479124,B,B,35,7715,4,990.0,0,6,B
868,38,3,87.13999445,53.18041881,10,4,23,2011,0.060753049,B,B,15,2787,2,520.0,0,7,B
672,62,1,46.26945563,22.82023937,11,8,17,2014,0.072157581,B,B,2,629,1,1152.6307692307691,0,0,A
2471,2,2,48.17296871,29.92420442,6,4,9,1974,0.0,B,B,33,7425,1,1152.6307692307691,2,5,B
4510,1,1,43.15376114,21.01759554,9,10,17,2014,0.007122317,B,B,1,264,0,1152.6307692307691,0,1,B
8354,62,2,62.59378664,59.78684445,10,1,16,1981,0.002211665,B,B,39,7614,3,1152.6307692307691,1,5,A
6393,8,1,41.49650853,21.66420919,7,4,17,2009,0.43788524,B,B,23,5735,3,1084.0,0,5,B
13270,9,3,80.59947152,36.407049064837906,1,4,1,1977,0.161531741,B,B,25,5648,1,30.0,2,4,B
5250,96,4,87.77638168,54.62053999,10,25,24,2014,0.041116354,B,B,53,14892,4,1152.6307692307691,1,4,B
16751,74,1,54.61416994,36.407049064837906,1,8,17,1977,0.075778755,B,B,6,1437,3,1152.6307692307691,0,2,B
11404,27,1,44.41551018,36.407049064837906,1,14,1,1977,0.072157581,B,B,2,629,1,1152.6307692307691,0,0,A
10588,113,2,71.82875389,35.7141914,10,6,22,2004,0.050755569,B,B,24,5469,1,145.0,0,1,B
14925,22,2,61.41358311,36.407049064837906,1,13,17,1977,0.118537385,B,B,30,6207,1,1183.0,1,0,B
6791,1,3,72.02327542,2.470855692,1,4,24,1977,0.007122317,B,B,1,264,0,1152.6307692307691,0,1,B
16097,57,1,44.32379622,19.87648471,12,4,16,2007,0.133215333,B,B,49,11395,3,1406.0,3,4,A
16428,170,3,77.02879054,47.07690067,10,13,17,1990,0.21843974,B,B,21,4472,6,1450.0,4,7,A
6945,53,3,85.18661187,36.407049064837906,11,11,12,2017,0.049637257,B,B,34,7759,0,229.0,1,3,B
3190,9,2,64.86239597,36.407049064837906,1,7,1,1977,0.161531741,B,B,25,5648,1,30.0,2,4,B
15709,48,3,86.4899347,86.16502319,1,24,1,2015,0.041124634,B,B,46,9515,5,1152.6307692307691,1,10,B
13155,41,2,48.44071465,32.13878071,6,4,9,1979,0.394094211,B,B,3,662,0,35.0,0,0,B
7675,47,2,47.09561396,31.20299196,8,10,12,1970,0.298204575,B,B,16,4048,3,1152.6307692307691,1,3,B
14686,1,3,77.22988534,79.95868473,1,18,17,1977,0.007122317,B,B,1,264,0,1152.6307692307691,0,1,B
609,9,2,43.25585383,30.80462713,5,6,5,1972,0.161531741,B,B,25,5648,1,30.0,2,4,B
11155,150,2,43.56992446,30.14051538,5,4,5,1965,0.08761909,B,B,8,1497,5,1152.6307692307691,1,0,B
10869,23,3,78.00188787,82.56632218,1,21,25,2015,0.075778755,B,B,6,1437,3,1152.6307692307691,0,2,B
15742,30,2,64.88878322,36.407049064837906,1,12,17,1977,7.82e-05,B,B,22,6398,141,1046.0,3,23,B
9245,1,2,63.11504097,36.407049064837906,0,4,24,1977,0.007122317,B,B,1,264,0,1152.6307692307691,0,1,B
3340,27,3,69.92193905,3.98605252,1,9,17,1977,0.211401214,B,B,9,1892,0,1152.6307692307691,0,1,B
2359,53,2,60.73449831,42.79356085,10,17,24,2020,0.049637257,B,B,34,7759,0,229.0,1,3,B
8070,38,2,40.21693121,26.78243488,7,8,9,1964,0.060753049,B,B,15,2787,2,520.0,0,7,B
13707,1,1,42.4468826,19.84667485,7,2,17,2015,0.007122317,B,B,1,264,0,1152.6307692307691,0,1,B
16079,11,4,70.46994055,44.73090602,6,6,9,1970,0.000169676,B,B,36,5992,0,1152.6307692307691,1,1,B
15937,9,4,92.15825171,54.16861589,12,4,14,1997,0.161531741,B,B,25,5648,1,30.0,2,4,B
14090,2,1,39.08264064,33.21435769,7,10,14,1970,0.0,B,B,33,7425,1,1152.6307692307691,2,5,B
9008,72,2,47.67098553,44.17245036,5,5,9,1980,0.210473241,B,B,11,2398,2,1994.0,3,0,B
16384,1,2,52.77367106,52.91072182,10,6,17,2017,0.007122317,B,B,1,264,0,1152.6307692307691,0,1,B
11657,87,3,65.75474956,48.4490025,6,12,12,1980,0.100455735,B,B,43,7227,0,1152.6307692307691,1,6,A
13151,25,1,29.24910778,36.407049064837906,0,22,25,2016,0.069753361,B,B,53,13670,4,1152.6307692307691,1,11,B
8990,27,3,58.84818819,40.41200607,6,11,9,1988,0.211401214,B,B,9,1892,0,1152.6307692307691,0,1,B
11857,11,2,46.58921952,31.05090246,5,5,5,1968,0.000169676,B,B,36,5992,0,1152.6307692307691,1,1,B
1565,52,1,38.92815373,20.33759796,8,4,17,1994,0.371148999,B,B,34,7065,1,750.0,2,5,B
8174,23,1,46.88683597,36.407049064837906,0,3,3,2016,0.034656082,B,B,0,168,0,1152.6307692307691,0,0,B
9247,67,3,65.01964675,41.28747635,7,10,9,1979,0.100455735,B,B,43,7227,0,1152.6307692307691,1,6,A
10478,6,3,80.98610421,77.53481113,1,10,1,2013,0.243204519,B,B,5,1564,0,540.0,0,0,B
15509,27,2,55.43986119,57.52724313,10,15,17,2016,0.011654127,B,B,4,915,0,1152.6307692307691,0,0,B
8306,179,2,45.59750743,32.1300451,5,6,5,1967,0.037316452,B,B,32,6748,93,562.0,4,10,B
6642,1,2,56.89047834,36.407049064837906,1,12,17,1977,0.007122317,B,B,1,264,0,1152.6307692307691,0,1,B
7472,31,2,44.2795414,29.60419375,5,7,5,1960,0.151346216,B,A,32,5889,10,830.0,4,1,B
15989,62,1,47.0954055,36.407049064837906,0,4,0,1977,0.072157581,B,B,2,629,1,1152.6307692307691,0,0,A
13682,27,1,41.34565024,17.38476845,8,14,14,2007,0.07542368,B,B,11,3097,0,1152.6307692307691,0,0,B
7076,27,2,76.73464351,36.407049064837906,1,3,1,1977,0.072157581,B,B,2,629,1,1152.6307692307691,0,0,A
7478,167,3,67.68259885,43.62235898,4,4,4,1949,0.174739084,B,B,17,3379,9,100.0,0,3,B
3029,13,1,43.5735763,22.2211309,8,11,18,2000,0.090799103,B,B,74,19083,2,1152.6307692307691,5,15,B
1814,1,1,41.11560894,41.17146392,0,4,17,1977,0.007122317,B,B,1,264,0,1152.6307692307691,0,1,B
10057,27,1,42.91684587,21.09389112,6,10,15,2018,0.072157581,B,B,2,629,1,1152.6307692307691,0,0,A
15100,23,3,78.98223924,36.407049064837906,1,4,25,1977,0.075778755,B,B,6,1437,3,1152.6307692307691,0,2,B
12694,27,3,83.67003175,46.35835603,0,8,0,2015,0.072157581,B,B,2,629,1,1152.6307692307691,0,0,A
6291,78,1,40.53982923,22.94771225,6,7,17,2002,0.092290642,B,B,21,4346,2,165.0,1,2,B
12603,27,3,87.1110618,52.26332633,17,2,3,2014,0.011654127,B,B,4,915,0,1152.6307692307691,0,0,B
3218,38,1,47.98132467,36.407049064837906,1,8,17,2015,0.060753049,B,B,15,2787,2,520.0,0,7,B
13456,6,1,38.90624911,22.77818604,6,9,17,2015,0.243204519,B,B,5,1564,0,540.0,0,0,B
10170,48,2,47.86378996,33.84667884,6,12,12,1982,0.041124634,B,B,46,9515,5,1152.6307692307691,1,10,B
4530,23,2,92.18193951,49.50235204,15,3,25,2013,0.075778755,B,B,6,1437,3,1152.6307692307691,0,2,B
13329,23,2,68.09953794,64.84302503,1,2,17,1977,0.075778755,B,B,6,1437,3,1152.6307692307691,0,2,B
4820,22,1,42.35996399,36.407049064837906,1,7,17,1977,0.118537385,B,B,30,6207,1,1183.0,1,0,B
10896,21,2,44.83501614,30.72815667,5,3,5,1963,0.034331497,B,B,25,5487,3,1152.6307692307691,0,4,B
13416,27,1,35.54463363,33.03433559,1,11,1,1977,0.072157581,B,B,2,629,1,1152.6307692307691,0,0,A
2701,29,3,61.04126877,45.71091013,5,3,5,1965,0.069660344,B,B,31,6119,4,1152.6307692307691,1,2,B
11265,34,3,83.82724049,80.53799626,10,24,25,2015,0.069753361,B,B,53,13670,4,1152.6307692307691,1,11,B
9189,169,3,61.83123391,44.1432438,5,9,9,1977,0.300322518,B,B,52,10311,6,1152.6307692307691,1,9,B
1858,100,1,29.58575823,16.76109997,5,3,8,1959,0.200146802,B,B,23,3975,8,770.0,2,0,B
14536,1,3,79.66402296,79.49649361,1,5,17,1977,0.007122317,B,B,1,264,0,1152.6307692307691,0,1,B
6199,55,3,80.34713152,46.85652532,10,18,17,1989,0.041365446,B,B,31,5569,0,1152.6307692307691,1,4,B
14730,39,1,32.85144358,22.05303941,6,7,9,1962,0.428825818,B,B,25,5011,8,730.0,0,2,B
7510,44,2,54.39922302,32.9954358,8,18,16,1985,0.122190486,B,B,25,4724,2,1308.0,1,3,B
15505,96,1,39.45548487,16.16936748,9,5,9,2004,0.041116354,B,B,53,14892,4,1152.6307692307691,1,4,B
7446,100,1,34.55729086,21.20850182,6,10,9,1966,0.200146802,B,B,23,3975,8,770.0,2,0,B
14016,179,2,40.44643399,24.67716186,7,9,5,1963,0.306977489,B,B,27,5148,14,1575.0,5,7,B
14113,27,1,33.31821815,20.31553477,5,6,5,1981,0.051815435,B,B,5,1227,0,1152.6307692307691,0,0,B
8721,21,3,82.57646498,58.24681488,7,5,5,1958,0.194489265,B,B,47,8004,3,125.0,3,5,B
6193,99,3,78.78613434,49.15208759,10,2,14,1999,0.033493708,B,B,66,10573,1,1322.0,3,8,B
5717,99,2,46.33489165,28.34330075,6,4,9,1970,0.033493708,B,B,66,10573,1,1322.0,3,8,B
5427,48,3,68.58652195,49.30725373,6,8,12,1982,0.041124634,B,B,46,9515,5,1152.6307692307691,1,10,B
9520,108,3,81.09213025,55.7991134,8,3,8,1960,0.0,B,B,25,5027,4,46.0,1,1,B
6869,27,1,37.74839849,36.407049064837906,1,10,19,1977,0.211401214,B,B,9,1892,0,1152.6307692307691,0,1,B
1658,78,1,32.37262587,22.61814883,6,6,12,1970,0.092290642,B,B,21,4346,2,165.0,1,2,B
6639,9,2,66.38613912,36.12459554,13,14,14,2008,0.161531741,B,B,25,5648,1,30.0,2,4,B
6283,7,2,44.6508537,27.40453322,5,7,5,1966,0.035145267,B,B,42,9292,3,2620.0,0,3,B
6257,62,1,43.83591911,36.407049064837906,0,9,0,1977,0.072157581,B,B,2,629,1,1152.6307692307691,0,0,A
15235,139,1,35.45402728,19.36049303,9,8,12,1970,0.122090347,B,B,29,6566,7,1894.0,4,0,B
902,27,3,99.29319132,36.407049064837906,0,2,0,1977,0.07542368,B,B,11,3097,0,1152.6307692307691,0,0,B
8932,9,3,61.62386643,57.05144013,6,6,9,1974,0.13012277,B,B,8,1986,0,1152.6307692307691,0,0,B
16469,93,3,98.5855919,55.19383207,12,8,17,2009,0.041116354,B,B,53,14892,4,1152.6307692307691,1,4,B
2825,8,2,62.64316081,33.44277441,10,13,22,2005,0.43788524,B,B,23,5735,3,1084.0,0,5,B
6450,20,3,80.27601266,48.47220116,13,6,17,2000,0.019508796,B,B,37,7687,11,176.0,5,5,B
11366,6,2,62.63302347,43.15112226,10,17,17,2017,0.243204519,B,B,5,1564,0,540.0,0,0,B
3801,78,3,84.23922138,55.41358041,10,6,14,2001,0.092290642,B,B,21,4346,2,165.0,1,2,B
11385,148,1,37.66882653,19.4561635,9,10,12,1970,0.313924552,B,B,22,4625,11,3855.0,2,10,B
1079,34,1,39.0522683,22.94743007,10,17,22,1995,0.069753361,B,B,53,13670,4,1152.6307692307691,1,11,B
3202,191,2,52.89228352,34.4031701,9,17,16,1985,0.127375905,B,B,43,8429,3,1152.6307692307691,3,9,B
676,85,3,54.08853428,38.62246705,6,8,9,1978,0.037177818,B,B,52,11217,1,2300.0,1,7,B
6185,37,2,66.89014716,61.98424955,7,5,10,2018,0.178916796,B,B,18,3594,4,192.0,1,5,B
7730,18,1,38.68917519,22.16463707,8,2,14,1988,0.0,B,B,30,5562,0,1152.6307692307691,0,5,A
2573,27,2,66.33182665,36.407049064837906,1,10,17,1977,0.017647053,B,B,2,469,0,1152.6307692307691,0,0,B
10978,1,2,64.35944436,36.407049064837906,1,8,17,1977,0.007122317,B,B,1,264,0,1152.6307692307691,0,1,B
10962,9,3,77.0732117,44.78487682,10,9,14,1992,0.161531741,B,B,25,5648,1,30.0,2,4,B
8870,151,1,34.71337121,20.27879596,10,8,12,1968,0.236108458,B,B,16,3893,27,1152.6307692307691,3,10,B
8496,128,1,38.36532014,15.96095526,9,13,17,1995,0.0,B,B,27,4798,0,30.0,2,8,B
5517,31,1,30.57150032,15.45559914,4,2,4,1958,0.151346216,B,A,32,5889,10,830.0,4,1,B
927,13,1,39.31735061,22.41530125,9,8,16,1986,0.133215333,B,B,49,11395,3,1406.0,3,4,A
13675,78,1,43.7774284,22.09011875,10,19,22,2006,0.219006007,B,B,28,6746,3,1152.6307692307691,1,4,B
1499,27,3,84.72014942,84.70274776,1,9,12,2016,0.072157581,B,B,2,629,1,1152.6307692307691,0,0,A
15536,124,3,66.62307868,43.4104591,9,4,12,1974,0.16909109,B,B,19,3856,10,1152.6307692307691,2,5,B
8602,114,3,71.54369311,48.28899787,6,6,7,1977,0.327018035,B,B,12,2270,23,2500.0,1,0,B
12137,124,3,94.23797846,52.34820344,12,12,21,2005,0.122090347,B,B,29,6566,7,1894.0,4,0,B
9865,61,2,54.32045043,30.03107763,11,1,16,1982,0.300322518,B,B,52,10311,6,1152.6307692307691,1,9,B
16353,53,2,58.78278704,36.407049064837906,1,7,22,2016,0.049637257,B,B,34,7759,0,229.0,1,3,B
15908,61,2,46.51061051,29.06037049,6,9,12,1977,0.300322518,B,B,52,10311,6,1152.6307692307691,1,9,B
3944,101,2,45.01684252,30.46264848,6,4,5,1966,0.225824954,A,B,41,6558,7,1548.0,3,2,B
10359,46,2,45.32893675,29.14896975,6,6,9,1970,0.0,B,B,47,11319,0,1145.0,3,5,B
15158,53,2,47.83518683,33.70011956,6,10,9,1967,0.049637257,B,B,34,7759,0,229.0,1,3,B
3259,12,2,60.10802781,36.82142367,10,7,16,1981,0.090799103,B,B,74,19083,2,1152.6307692307691,5,15,B
7220,96,3,80.18249326,48.62732598,10,10,17,2003,0.041116354,B,B,53,14892,4,1152.6307692307691,1,4,B
13843,67,2,51.68226133,35.31000186,6,5,12,1980,0.100455735,B,B,43,7227,0,1152.6307692307691,1,6,A
16736,44,2,43.65044268,27.49302304,5,4,5,1961,0.122190486,B,B,25,4724,2,1308.0,1,3,B
702,46,3,62.72339387,46.28164035,6,7,9,1969,0.0,B,B,47,11319,0,1145.0,3,5,B
12134,52,2,66.4634297,36.407049064837906,1,12,16,2015,0.371148999,B,B,34,7065,1,750.0,2,5,B
6918,23,3,105.5351352,36.407049064837906,1,6,9,1977,0.014072961,B,B,2,475,0,1152.6307692307691,0,0,B
11792,6,1,42.02458754,18.0069018,13,21,25,1977,0.243204519,B,B,5,1564,0,540.0,0,0,B
3798,30,2,39.18758707,5.199864263,1,4,1,1977,7.82e-05,B,B,22,6398,141,1046.0,3,23,B
10395,6,1,44.49977444,36.407049064837906,1,8,1,1977,0.243204519,B,B,5,1564,0,540.0,0,0,B
11099,1,1,36.00775289,35.42431994,9,5,17,2010,0.025609157,B,B,33,5261,0,240.0,3,1,B
7090,94,2,52.03477474,30.75014459,5,5,5,1977,0.282797669,B,B,33,8667,2,1152.6307692307691,0,6,B
11260,46,2,46.8137764,31.88300845,5,4,5,1968,0.0,B,B,47,11319,0,1145.0,3,5,B
9647,62,3,93.27499912,36.407049064837906,1,5,3,1977,0.072157581,B,B,2,629,1,1152.6307692307691,0,0,A
2903,25,3,97.35372732,36.407049064837906,1,23,24,1977,0.069753361,B,B,53,13670,4,1152.6307692307691,1,11,B
2071,101,2,48.57679567,29.43794285,5,5,5,1968,0.225824954,A,B,41,6558,7,1548.0,3,2,B
8604,119,3,52.15680548,35.33304546,6,1,9,1971,0.033493708,B,B,66,10573,1,1322.0,3,8,B
9346,125,2,47.56702321,28.06994339,5,7,5,1964,0.040242764,B,B,25,3478,11,2729.0,3,1,B
3945,128,2,47.87363349,27.22915361,6,8,9,1972,0.0,B,B,27,4798,0,30.0,2,8,B
3420,9,1,38.39566518,17.33154273,8,11,14,2010,0.31019913,B,B,11,2748,1,1152.6307692307691,0,0,B
10842,6,1,38.63728613,36.407049064837906,1,17,17,1977,0.243204519,B,B,5,1564,0,540.0,0,0,B
725,58,2,49.88264339,33.4327817,6,6,14,1972,0.31019913,B,B,11,2748,1,1152.6307692307691,0,0,B
13931,138,2,43.69853924,26.41510394,5,4,5,1963,0.0,B,B,36,6714,2,2672.0,0,2,B
16330,122,2,56.21298349,36.3499489,9,5,17,1996,0.033493708,B,B,66,10573,1,1322.0,3,8,B
9066,59,3,75.34106866,75.09886659,10,8,17,1987,0.019508796,B,B,37,7687,11,176.0,5,5,B
3326,13,3,76.518408,44.42008755,10,6,17,1977,0.090799103,B,B,74,19083,2,1152.6307692307691,5,15,B
1556,34,2,63.27970923,36.407049064837906,1,15,1,1977,0.069753361,B,B,53,13670,4,1152.6307692307691,1,11,B
6579,23,2,46.05574106,26.93667834,5,1,2,1975,0.034656082,B,B,0,168,0,1152.6307692307691,0,0,B
13877,27,2,56.78226155,54.47373575,10,2,5,2015,0.07542368,B,B,11,3097,0,1152.6307692307691,0,0,B
9857,34,3,78.47986825,49.22980282,10,17,16,2002,0.069753361,B,B,53,13670,4,1152.6307692307691,1,11,B
7302,62,3,62.36385025,38.46732526,8,10,9,1975,0.002211665,B,B,39,7614,3,1152.6307692307691,1,5,A
5684,114,1,34.13349714,18.2801883,7,6,8,1968,0.050272014,B,B,21,4231,14,1020.0,0,3,B
6513,88,3,60.76696189,43.2356518,6,3,12,1974,0.127375905,B,B,43,8429,3,1152.6307692307691,3,9,B
11342,27,1,38.69279795,39.60887148,8,16,17,1977,0.011654127,B,B,4,915,0,1152.6307692307691,0,0,B
16561,21,3,63.47049455,47.63960636,5,7,9,1975,0.194489265,B,B,47,8004,3,125.0,3,5,B
6885,39,2,49.41694304,30.89847589,5,5,5,1975,0.428825818,B,B,25,5011,8,730.0,0,2,B
9308,53,1,35.51663857,22.00090581,6,5,9,1975,0.313924552,B,B,22,4625,11,3855.0,2,10,B
2559,23,2,73.8684601,36.407049064837906,0,9,0,1977,0.075778755,B,B,6,1437,3,1152.6307692307691,0,2,B
6648,12,1,41.87392163,21.01167784,8,18,17,1992,0.090799103,B,B,74,19083,2,1152.6307692307691,5,15,B
15260,118,1,36.13807008,20.52397809,6,3,5,1959,0.21843974,B,B,21,4472,6,1450.0,4,7,A
5113,41,1,40.83976185,21.01303219,7,5,14,2004,0.175054867,B,B,36,10055,3,1152.6307692307691,1,0,B
16492,88,1,42.86526515,36.407049064837906,0,18,0,1977,0.127375905,B,B,43,8429,3,1152.6307692307691,3,9,B
12034,53,2,58.56362485,43.75223475,10,16,24,2019,0.049637257,B,B,34,7759,0,229.0,1,3,B
7248,37,2,49.34023129,29.65153422,5,9,14,1973,0.178916796,B,B,18,3594,4,192.0,1,5,B
2171,66,2,47.87330207,30.5499923,4,3,5,1960,0.161975568,B,A,31,7010,5,4508.0,3,7,B
10594,9,2,47.77091956,27.83118359,8,10,10,2008,0.13012277,B,B,8,1986,0,1152.6307692307691,0,0,B
13241,61,1,40.57629621,19.17064321,10,6,22,1998,0.300322518,B,B,52,10311,6,1152.6307692307691,1,9,B
7032,13,1,29.5708017,20.7422963,5,2,5,1964,0.133215333,B,B,49,11395,3,1406.0,3,4,A
4884,29,1,39.68887711,18.94448045,8,2,14,1977,0.069660344,B,B,31,6119,4,1152.6307692307691,1,2,B
903,15,2,64.71893532,32.09149417,2,6,14,2009,0.158249043,B,B,21,5731,0,1152.6307692307691,1,0,B
162,8,1,40.10963859,18.66000414,9,14,15,1977,0.092290642,B,B,21,4346,2,165.0,1,2,B
6566,75,2,65.77312468,38.26698616,7,6,5,1957,0.122090347,B,B,29,6566,7,1894.0,4,0,B
8249,58,1,39.76834001,22.4139426,8,10,10,2005,0.31019913,B,B,11,2748,1,1152.6307692307691,0,0,B
13106,93,3,66.51534155,48.17847596,5,1,9,1973,0.521867054,B,B,25,6149,0,1152.6307692307691,0,0,B
256,6,1,38.87052458,41.17281447,1,9,1,1977,0.243204519,B,B,5,1564,0,540.0,0,0,B
7976,23,2,64.40535432,36.407049064837906,1,16,25,1977,0.075778755,B,B,6,1437,3,1152.6307692307691,0,2,B
8575,30,2,54.61434594,54.36251766,1,9,17,1977,7.82e-05,B,B,22,6398,141,1046.0,3,23,B
7591,170,3,61.37492724,45.18979219,6,4,9,1964,0.21843974,B,B,21,4472,6,1450.0,4,7,A
3204,128,2,62.08212168,36.407049064837906,0,2,3,1977,0.0,B,B,27,4798,0,30.0,2,8,B
15804,28,2,45.53818787,31.80555774,5,4,5,1963,0.118537385,B,B,30,6207,1,1183.0,1,0,B
1525,34,3,74.9065562,46.59000832,10,12,17,1993,0.069753361,B,B,53,13670,4,1152.6307692307691,1,11,B
9038,1,2,65.55264735,36.407049064837906,1,15,17,1977,0.007122317,B,B,1,264,0,1152.6307692307691,0,1,B
13628,44,2,46.64393868,29.78020412,5,7,5,1969,0.122190486,B,B,25,4724,2,1308.0,1,3,B
10016,44,2,45.24285161,31.74271946,6,1,9,1976,0.122190486,B,B,25,4724,2,1308.0,1,3,B
10208,11,3,59.28946961,44.66553715,5,5,5,1964,0.038692987,B,B,28,6533,1,1015.0,2,5,B
2008,94,2,48.6932957,32.25870262,5,7,9,1975,0.127375905,B,B,43,8429,3,1152.6307692307691,3,9,B
13029,90,2,49.367738,34.46230616,9,11,12,1970,0.265088676,B,B,37,5288,0,1937.0,3,2,B
5099,6,1,41.50104016,36.407049064837906,0,18,0,1977,0.243204519,B,B,5,1564,0,540.0,0,0,B
9923,12,3,73.45472116,45.04485275,10,17,17,1987,0.090799103,B,B,74,19083,2,1152.6307692307691,5,15,B
9461,57,1,33.00837001,21.22657646,6,2,9,1979,0.407276235,A,B,9,1768,0,370.0,0,0,A
11086,21,2,42.70799497,29.03543848,5,9,8,1964,0.149666373,B,B,22,4789,2,4087.0,4,1,B
15057,178,2,55.08731988,33.57933696,7,4,5,1956,0.212515361,B,B,19,3293,16,628.0,3,7,B
10689,30,2,60.63064069,36.407049064837906,1,8,17,1977,7.82e-05,B,B,22,6398,141,1046.0,3,23,B
2053,8,3,61.50841382,46.90264953,6,6,9,1967,0.43788524,B,B,23,5735,3,1084.0,0,5,B
16630,72,1,36.39286797,17.49845603,7,6,9,1967,0.210473241,B,B,11,2398,2,1994.0,3,0,B
4985,23,2,63.02111913,36.407049064837906,1,4,25,1977,0.075778755,B,B,6,1437,3,1152.6307692307691,0,2,B
13881,58,3,82.91116099,74.68466382,9,15,14,1969,0.148903891,B,B,9,1952,1,1430.0,3,2,B
13225,88,1,43.7203939,36.407049064837906,0,18,0,1977,0.127375905,B,B,43,8429,3,1152.6307692307691,3,9,B
5779,23,1,31.8410144,30.93904227,1,5,4,1977,0.034656082,B,B,0,168,0,1152.6307692307691,0,0,B
10262,27,2,69.19644017,36.407049064837906,0,10,0,1977,0.017647053,B,B,2,469,0,1152.6307692307691,0,0,B
10762,55,3,63.0516706,46.39174109,6,2,9,1973,0.012338886,B,B,35,5776,1,2078.0,2,4,B
9513,26,1,39.23034691,20.93877137,7,9,17,2000,0.0,B,B,36,6714,2,2672.0,0,2,B
11128,21,2,42.20621681,26.42654897,5,5,5,1963,0.034331497,B,B,25,5487,3,1152.6307692307691,0,4,B
2074,111,3,65.18352658,44.66228912,7,6,12,1974,0.135649789,B,B,46,7960,6,350.0,3,11,B
933,34,1,43.41367284,36.407049064837906,1,14,22,1977,0.069753361,B,B,53,13670,4,1152.6307692307691,1,11,B
2780,27,2,70.09946488,36.407049064837906,1,8,17,2019,0.072157581,B,B,2,629,1,1152.6307692307691,0,0,A
6594,23,2,53.14862694,36.407049064837906,1,11,12,1977,0.034656082,B,B,0,168,0,1152.6307692307691,0,0,B
15394,67,2,70.83598478,40.15464723,11,12,19,2014,0.007720282,B,B,38,4788,2,1152.6307692307691,0,4,B
14863,58,1,35.1248725,21.46583406,6,4,12,1981,0.43788524,B,B,23,5735,3,1084.0,0,5,B
6698,1,2,55.02444089,34.07424007,9,4,17,1990,0.025609157,B,B,33,5261,0,240.0,3,1,B
1611,86,3,59.90216084,40.87667934,5,7,9,1974,0.161975568,B,A,31,7010,5,4508.0,3,7,B
174,7,2,43.02265758,30.41533956,5,4,5,1969,0.035145267,B,B,42,9292,3,2620.0,0,3,B
5160,58,3,93.75628512,36.407049064837906,1,2,3,1977,0.43788524,B,B,23,5735,3,1084.0,0,5,B
3295,69,2,63.85327469,37.04251049,10,4,16,1982,0.093442564,B,B,23,4635,5,3300.0,2,4,B
4559,59,2,76.79291145,36.407049064837906,0,17,0,1977,0.019508796,B,B,37,7687,11,176.0,5,5,B
8254,29,2,45.69373945,27.46897501,5,5,5,1964,0.086885265,B,B,10,2277,2,1547.0,0,0,B
10228,27,1,37.14267229,40.83038395,1,3,15,2014,0.211401214,B,B,9,1892,0,1152.6307692307691,0,1,B
13924,9,1,41.26247405,36.407049064837906,1,2,1,1977,0.161531741,B,B,25,5648,1,30.0,2,4,B
15341,13,2,54.40969028,33.22363202,9,11,18,1999,0.090799103,B,B,74,19083,2,1152.6307692307691,5,15,B
4353,1,2,56.20998399,36.407049064837906,1,3,17,1977,0.007122317,B,B,1,264,0,1152.6307692307691,0,1,B
4334,23,1,31.27948593,36.407049064837906,1,12,1,1977,0.034656082,B,B,0,168,0,1152.6307692307691,0,0,B
1872,30,2,52.44905663,52.79834949,1,17,17,2016,7.82e-05,B,B,22,6398,141,1046.0,3,23,B
7823,107,1,32.66437966,20.13088245,5,10,9,1970,0.050272014,B,B,21,4231,14,1020.0,0,3,B
310,27,3,45.411358,49.88336798,0,18,25,1977,0.072157581,B,B,2,629,1,1152.6307692307691,0,0,A
3704,74,2,81.7424202,80.35559944,1,7,24,1977,0.075778755,B,B,6,1437,3,1152.6307692307691,0,2,B
11615,24,1,61.36753007,61.00849955,0,6,15,2016,0.111627393,B,B,50,12238,8,1970.0,2,3,B
6605,23,3,82.91245238,36.407049064837906,1,25,25,1977,0.075778755,B,B,6,1437,3,1152.6307692307691,0,2,B
3381,9,2,54.62029016,30.08122717,8,11,14,1990,0.136244425,B,B,11,2370,0,1152.6307692307691,0,1,B
2143,1,1,39.39922586,36.407049064837906,1,15,17,1977,0.007122317,B,B,1,264,0,1152.6307692307691,0,1,B
3191,91,3,66.35462195,48.75905593,9,8,12,1976,0.333891544,B,B,30,6564,1,1152.6307692307691,0,0,B
13980,6,1,40.88656987,42.66503624,12,12,17,1977,0.243204519,B,B,5,1564,0,540.0,0,0,B
15613,32,1,35.99883863,17.06062085,5,2,5,1970,0.135649789,B,B,46,7960,6,350.0,3,11,B
10943,172,3,61.19442057,48.87051696,6,1,9,1967,0.0,B,B,7,1660,39,1786.0,1,5,B
9654,14,1,40.309552,39.65936288,10,1,3,2018,0.23861713,B,B,26,3889,6,705.0,3,6,B
14931,6,3,83.10978717,46.51934453,12,5,17,1977,0.243204519,B,B,5,1564,0,540.0,0,0,B
8299,77,3,65.20744811,46.76680745,6,3,9,1976,7e-05,B,B,46,10309,1,240.0,1,16,B
2147,71,1,40.41964308,23.67126165,8,3,14,1997,0.033493708,B,B,66,10573,1,1322.0,3,8,B
11567,0,3,108.8513254,53.42705096,13,20,19,2012,0.006076152,B,B,30,5285,0,645.0,6,6,B
5905,62,1,49.83759526,36.407049064837906,1,6,1,1977,0.072157581,B,B,2,629,1,1152.6307692307691,0,0,A
11160,58,1,48.6106614,48.7525017,1,4,3,1977,0.43788524,B,B,23,5735,3,1084.0,0,5,B
8275,1,1,44.80608996,36.407049064837906,1,8,17,1977,0.007122317,B,B,1,264,0,1152.6307692307691,0,1,B
16398,100,1,55.51694429,24.57291714,14,19,22,2012,0.200146802,B,B,23,3975,8,770.0,2,0,B
11229,9,2,52.11544852,34.81336465,8,2,14,1996,0.161531741,B,B,25,5648,1,30.0,2,4,B
10309,66,1,32.64855008,22.41284449,5,1,4,1963,0.111627393,B,B,50,12238,8,1970.0,2,3,B
7340,1,3,87.40219912,85.42636483,1,8,17,1977,0.007122317,B,B,1,264,0,1152.6307692307691,0,1,B
7653,187,1,43.21462077,21.08294552,8,7,9,2003,0.041116354,B,B,53,14892,4,1152.6307692307691,1,4,B
272,41,3,50.55302531,35.49639654,6,3,9,1975,0.036122292,B,B,24,4378,0,1036.0,1,1,B
9831,62,3,55.68532165,34.42862814,6,4,9,1980,0.037177818,B,B,52,11217,1,2300.0,1,7,B
5016,23,2,54.40558328,33.67559365,9,10,17,2013,0.075778755,B,B,6,1437,3,1152.6307692307691,0,2,B
796,27,3,102.1100517,104.5257326,10,13,17,2017,0.072157581,B,B,2,629,1,1152.6307692307691,0,0,A
12123,6,1,40.44583606,18.66007968,9,10,17,2015,0.243204519,B,B,5,1564,0,540.0,0,0,B
16629,151,1,32.11344868,22.07725716,6,8,9,1976,0.236108458,B,B,16,3893,27,1152.6307692307691,3,10,B
2637,130,1,31.99949083,20.63123,5,7,9,1968,0.21843974,B,B,21,4472,6,1450.0,4,7,A
6194,56,1,40.10246969,18.52333617,8,3,17,1986,0.0,B,B,23,5067,4,1152.6307692307691,2,6,B
6216,181,2,51.77749722,30.58303166,8,3,10,1976,0.0,B,B,30,7538,87,4702.0,5,5,B
14346,83,1,42.52691437,23.04930999,8,2,12,1979,0.007720282,B,B,38,4788,2,1152.6307692307691,0,4,B
6428,9,1,43.03726374,3.01316559,1,3,1,1977,0.161531741,B,B,25,5648,1,30.0,2,4,B
2891,38,1,49.47074672,26.56391092,1,10,12,1977,0.060753049,B,B,15,2787,2,520.0,0,7,B
84,48,1,34.77677115,18.46389706,5,4,9,1981,0.041124634,B,B,46,9515,5,1152.6307692307691,1,10,B
9260,90,2,49.98914685,34.30668032,7,6,9,1968,0.246031548,B,A,22,3151,4,2715.0,3,3,B
2348,128,1,47.51116715,21.47567479,12,3,6,2002,0.0,B,B,27,4798,0,30.0,2,8,B
10427,78,2,58.16829021,35.09649624,11,10,22,2006,0.092290642,B,B,21,4346,2,165.0,1,2,B
13230,74,2,84.50913808,83.68657028,1,12,24,1977,0.075778755,B,B,6,1437,3,1152.6307692307691,0,2,B
1691,75,1,48.612498,18.12317092,1,11,1,2014,0.122090347,B,B,29,6566,7,1894.0,4,0,B
8803,6,1,42.84697491,39.53379964,10,5,17,2013,0.243204519,B,B,5,1564,0,540.0,0,0,B
5464,93,2,70.48011133,68.61411012,12,9,17,2016,0.050900058,B,B,43,10621,1,30.0,2,3,B
10559,27,1,42.06369692,41.01221539,1,3,9,2016,0.011654127,B,B,4,915,0,1152.6307692307691,0,0,B
16787,55,3,78.68884818,44.67927623,8,12,14,1989,0.041365446,B,B,31,5569,0,1152.6307692307691,1,4,B
4278,87,1,35.41757659,25.35558121,6,2,9,1980,0.100455735,B,B,43,7227,0,1152.6307692307691,1,6,A
6183,21,2,46.56982036,31.64756691,5,3,5,1964,0.194489265,B,B,47,8004,3,125.0,3,5,B
12775,96,1,39.31972321,19.76337531,8,3,14,2011,0.041116354,B,B,53,14892,4,1152.6307692307691,1,4,B
10104,83,1,39.30350147,23.28475178,8,2,14,1986,0.007720282,B,B,38,4788,2,1152.6307692307691,0,4,B
13663,93,2,52.52496337,33.73929466,8,6,14,1988,0.521867054,B,B,25,6149,0,1152.6307692307691,0,0,B
9404,161,2,55.78481815,34.23048876,9,18,17,1996,0.000699119,B,B,14,3369,24,4129.0,0,3,B
14724,146,1,40.95833972,19.61612039,8,9,16,1981,0.236108458,B,B,16,3893,27,1152.6307692307691,3,10,B
10040,62,2,66.29653136,36.407049064837906,1,8,1,1977,0.072157581,B,B,2,629,1,1152.6307692307691,0,0,A
4646,6,2,72.23548625,36.407049064837906,0,24,25,1977,0.243204519,B,B,5,1564,0,540.0,0,0,B
4754,91,1,36.98344368,18.74100808,7,7,9,1969,0.333891544,B,B,30,6564,1,1152.6307692307691,0,0,B
3310,6,3,84.62535038,36.407049064837906,1,6,17,1977,0.243204519,B,B,5,1564,0,540.0,0,0,B
2003,8,2,44.68368246,28.31515388,5,4,9,1976,0.092290642,B,B,21,4346,2,165.0,1,2,B
7312,95,1,33.39500301,23.58750707,5,8,9,1968,0.0,B,B,7,1660,39,1786.0,1,5,B
10921,194,2,48.96912356,35.57071511,5,7,9,1977,0.174739084,B,B,17,3379,9,100.0,0,3,B
13419,46,3,66.50319056,44.95146983,9,7,12,1970,0.188783766,B,B,31,6137,4,1152.6307692307691,0,1,B
10105,26,1,35.48866353,21.96679796,6,4,9,1979,0.0,B,B,36,6714,2,2672.0,0,2,B
2196,52,4,104.6385098,62.18544383,10,4,22,2005,0.371148999,B,B,34,7065,1,750.0,2,5,B
12659,1,3,79.14588776,36.407049064837906,1,15,17,1977,0.007122317,B,B,1,264,0,1152.6307692307691,0,1,B
4380,167,2,47.50735672,32.36457831,5,4,9,1963,0.050272014,B,B,21,4231,14,1020.0,0,3,B
10847,23,2,54.99739958,36.407049064837906,1,7,17,1977,0.075778755,B,B,6,1437,3,1152.6307692307691,0,2,B
10805,48,2,53.74609695,31.36254529,8,12,16,1983,0.041124634,B,B,46,9515,5,1152.6307692307691,1,10,B
8709,23,2,42.1384571,36.407049064837906,1,6,12,2013,0.034656082,B,B,0,168,0,1152.6307692307691,0,0,B
8319,6,2,63.86631066,36.407049064837906,12,11,17,1977,0.243204519,B,B,5,1564,0,540.0,0,0,B
2215,29,2,48.04540645,32.77597062,5,3,5,1961,0.069660344,B,B,31,6119,4,1152.6307692307691,1,2,B
7000,72,2,40.19729496,27.82819032,7,4,9,1964,0.210473241,B,B,11,2398,2,1994.0,3,0,B
7701,23,2,50.89174095,46.92430072,0,3,3,2017,0.034656082,B,B,0,168,0,1152.6307692307691,0,0,B
9678,9,2,66.73969364,36.407049064837906,10,10,17,2016,0.161531741,B,B,25,5648,1,30.0,2,4,B
14026,71,2,63.94717278,33.73634457,10,12,22,1985,0.407276235,A,B,9,1768,0,370.0,0,0,A
7971,96,1,41.41709162,23.62410881,7,8,10,1997,0.041116354,B,B,53,14892,4,1152.6307692307691,1,4,B
13734,1,1,46.16472014,36.407049064837906,1,4,24,1977,0.007122317,B,B,1,264,0,1152.6307692307691,0,1,B
16483,29,2,47.36175756,29.26732672,6,4,5,1960,0.040242764,B,B,25,3478,11,2729.0,3,1,B
6150,6,3,76.37955256,1.633542237,1,17,17,1977,0.243204519,B,B,5,1564,0,540.0,0,0,B
2931,48,3,62.80668159,48.64271171,6,5,12,1980,0.041124634,B,B,46,9515,5,1152.6307692307691,1,10,B
5418,62,2,74.47362881,36.407049064837906,1,10,17,1977,0.072157581,B,B,2,629,1,1152.6307692307691,0,0,A
1662,144,3,92.85091972,55.60323993,12,10,17,2004,0.306977489,B,B,27,5148,14,1575.0,5,7,B
2441,6,3,78.41436101,44.11174383,12,14,1,1977,0.243204519,B,B,5,1564,0,540.0,0,0,B
7734,129,1,36.20564093,19.57205339,9,11,12,1968,0.020741326,B,B,24,5613,5,1340.0,2,5,B
6010,72,2,63.29578675,60.79399697,1,23,23,2019,0.210473241,B,B,11,2398,2,1994.0,3,0,B
266,27,1,46.71832081,2.879671264,1,13,1,1977,0.072157581,B,B,2,629,1,1152.6307692307691,0,0,A
632,27,1,48.76033909,36.407049064837906,1,7,17,1977,0.017647053,B,B,2,469,0,1152.6307692307691,0,0,B
16221,23,3,69.37112564,36.407049064837906,1,3,3,1977,0.005767451,B,B,1,388,0,1152.6307692307691,0,0,B
11832,96,1,38.46842132,23.35043109,8,9,17,1994,0.041116354,B,B,53,14892,4,1152.6307692307691,1,4,B
5035,62,1,50.25844245,22.55936501,11,8,17,2011,0.072157581,B,B,2,629,1,1152.6307692307691,0,0,A
37,27,1,34.88540158,3.229646197,1,23,25,1977,0.072157581,B,B,2,629,1,1152.6307692307691,0,0,A
6168,119,2,47.82746538,31.71677623,5,3,5,1961,0.000995363,B,B,42,7651,1,1152.6307692307691,1,5,B
11757,29,2,46.83206841,33.32686008,5,3,5,1964,0.069660344,B,B,31,6119,4,1152.6307692307691,1,2,B
8086,30,1,38.59974595,36.407049064837906,1,12,17,1977,7.82e-05,B,B,22,6398,141,1046.0,3,23,B
6529,85,3,56.33888054,34.65401359,6,5,9,1978,0.037177818,B,B,52,11217,1,2300.0,1,7,B
13904,1,1,40.27829636,36.407049064837906,1,18,17,1977,0.007122317,B,B,1,264,0,1152.6307692307691,0,1,B
3711,94,1,41.28105729,42.39259409,10,13,13,2014,0.282797669,B,B,33,8667,2,1152.6307692307691,0,6,B
16563,52,1,40.70907358,41.24369323,1,4,10,2015,0.371148999,B,B,34,7065,1,750.0,2,5,B
14494,52,2,64.02780361,67.95765503,0,9,17,1977,0.371148999,B,B,34,7065,1,750.0,2,5,B
3006,66,2,48.32314251,30.51139718,5,7,9,1971,0.111627393,B,B,50,12238,8,1970.0,2,3,B
15299,1,1,43.78871344,36.407049064837906,1,11,1,1977,0.014580716,B,B,3,760,1,1152.6307692307691,0,0,B
92,21,3,70.42479628,46.60475213,9,12,12,1971,0.194489265,B,B,47,8004,3,125.0,3,5,B
8066,71,2,57.07741919,31.63048747,8,12,12,1984,0.407276235,A,B,9,1768,0,370.0,0,0,A
16071,1,2,64.94598971,36.407049064837906,1,20,20,1977,0.007122317,B,B,1,264,0,1152.6307692307691,0,1,B
3883,3,2,62.94609681,38.29646711,10,17,17,1984,0.050900058,B,B,43,10621,1,30.0,2,3,B
5511,52,1,42.06416016,42.48809495,1,11,17,1977,0.371148999,B,B,34,7065,1,750.0,2,5,B
2821,1,3,76.42629455,48.18579401,10,12,17,1989,0.025609157,B,B,33,5261,0,240.0,3,1,B
9570,129,1,39.55023422,21.55964606,9,11,16,1979,0.460556389,B,B,20,4386,14,1152.6307692307691,1,5,B
4326,98,2,56.45080171,36.54648311,9,1,16,1983,0.089039719,B,B,33,7976,5,1152.6307692307691,0,11,B
9251,1,3,81.98333869,36.407049064837906,10,5,17,2018,0.007122317,B,B,1,264,0,1152.6307692307691,0,1,B
9031,92,2,39.3417705,21.23154919,7,6,12,1972,0.460556389,B,B,20,4386,14,1152.6307692307691,1,5,B
12689,61,1,38.19081328,21.65392102,10,14,25,2013,0.300322518,B,B,52,10311,6,1152.6307692307691,1,9,B
16380,45,3,58.26614402,39.92691871,6,6,5,1961,0.014423114,B,B,19,3806,4,1152.6307692307691,0,3,B
1053,22,2,60.06978166,35.16138059,9,16,16,2001,0.118537385,B,B,30,6207,1,1183.0,1,0,B
4568,54,2,42.77517623,27.75189745,5,4,5,1966,0.006076152,B,B,30,5285,0,645.0,6,6,B
16140,27,1,38.25155748,36.407049064837906,1,16,17,1977,0.011654127,B,B,4,915,0,1152.6307692307691,0,0,B
14356,54,2,78.17621653,75.03267994,1,10,8,2014,0.006076152,B,B,30,5285,0,645.0,6,6,B
8466,6,2,66.27001383,36.407049064837906,0,13,17,1977,0.243204519,B,B,5,1564,0,540.0,0,0,B
15652,9,1,45.63248019,20.38402196,8,10,14,1995,0.161531741,B,B,25,5648,1,30.0,2,4,B
3285,27,1,37.36832906,36.407049064837906,1,23,22,2017,0.072157581,B,B,2,629,1,1152.6307692307691,0,0,A
3198,47,1,35.7140287,22.63851389,6,6,9,1978,7e-05,B,B,46,10309,1,240.0,1,16,B
14088,123,3,91.59902736,58.13263909,11,4,8,2005,0.0,B,B,6,2733,0,920.0,0,4,B
2268,58,1,39.97894395,41.54850347,0,13,17,1977,0.43788524,B,B,23,5735,3,1084.0,0,5,B
15472,1,2,77.50671396,36.407049064837906,12,3,22,1977,0.007122317,B,B,1,264,0,1152.6307692307691,0,1,B
1203,58,3,87.81555869,83.19448303,0,9,7,1977,0.43788524,B,B,23,5735,3,1084.0,0,5,B
7157,78,3,79.45759445,44.61800212,12,16,17,1977,0.092290642,B,B,21,4346,2,165.0,1,2,B
6886,155,1,33.07777294,17.98219483,7,7,12,1972,0.042307271,B,B,17,2810,9,4849.0,3,6,B
5083,46,3,61.45009593,46.41000519,6,8,9,1967,0.0,B,B,47,11319,0,1145.0,3,5,B
7467,27,1,34.84218891,36.407049064837906,0,22,25,1977,0.072157581,B,B,2,629,1,1152.6307692307691,0,0,A
14068,8,2,52.23639546,33.25836479,8,7,16,1982,0.458174486,B,A,26,4439,1,1130.0,1,5,B
2080,99,2,48.13796455,31.32924579,5,6,5,1969,0.033493708,B,B,66,10573,1,1322.0,3,8,B
10865,1,1,47.59975761,36.407049064837906,1,24,24,1977,0.007122317,B,B,1,264,0,1152.6307692307691,0,1,B
13516,41,1,39.2049788,20.60703471,9,8,12,1969,0.175054867,B,B,36,10055,3,1152.6307692307691,1,0,B
14150,2,2,48.10615813,31.70941088,5,6,12,1971,0.130617806,B,B,39,10418,9,900.0,1,9,B
7609,23,2,55.51259623,36.407049064837906,10,5,20,1977,0.034656082,B,B,0,168,0,1152.6307692307691,0,0,B
2144,180,3,79.55452459,55.08029497,7,4,4,1958,0.037316452,B,B,32,6748,93,562.0,4,10,B
10357,124,2,43.13194505,29.74968743,5,2,5,1963,0.16909109,B,B,19,3856,10,1152.6307692307691,2,5,B
2396,58,3,72.84706408,45.90408389,9,12,14,1970,0.148903891,B,B,9,1952,1,1430.0,3,2,B
1526,152,3,76.082777,52.35242766,6,3,5,1932,0.042031587,B,B,37,6856,84,1940.0,2,5,B
10890,11,2,57.16785372,34.85828654,8,8,14,2006,0.000169676,B,B,36,5992,0,1152.6307692307691,1,1,B
6050,67,3,69.19386112,44.89181125,6,3,12,1978,0.007720282,B,B,38,4788,2,1152.6307692307691,0,4,B
7639,27,1,38.756507,36.407049064837906,1,7,1,1977,0.211401214,B,B,9,1892,0,1152.6307692307691,0,1,B
10544,105,1,39.39769473,22.27633822,10,9,12,1968,0.040242764,B,B,25,3478,11,2729.0,3,1,B
9577,19,3,62.38250155,45.15839032,5,9,9,1975,0.309479124,B,B,35,7715,4,990.0,0,6,B
13195,6,3,80.52275361,36.407049064837906,1,15,17,1977,0.243204519,B,B,5,1564,0,540.0,0,0,B
3484,85,3,54.10038339,35.03939714,6,7,9,1977,0.037177818,B,B,52,11217,1,2300.0,1,7,B
16668,34,3,118.4499058,68.58749732,12,10,23,2013,0.069753361,B,B,53,13670,4,1152.6307692307691,1,11,B
7171,6,2,66.47630451,37.81281338,12,2,17,1977,0.243204519,B,B,5,1564,0,540.0,0,0,B
8547,8,2,54.47204579,31.69381707,8,10,14,1990,0.458174486,B,A,26,4439,1,1130.0,1,5,B
12735,99,2,54.48433771,52.49794186,9,3,12,1976,0.033493708,B,B,66,10573,1,1322.0,3,8,B
9093,26,2,45.72973679,28.89655169,5,4,5,1965,0.0,B,B,36,6714,2,2672.0,0,2,B
15323,131,2,49.95774648,32.70873581,7,10,9,1964,0.0,B,B,23,3684,2,1152.6307692307691,0,4,B
14897,3,1,33.25521537,18.01626025,6,8,9,1973,0.050900058,B,B,43,10621,1,30.0,2,3,B
5135,30,1,43.14434057,18.29550333,1,12,22,2016,7.82e-05,B,B,22,6398,141,1046.0,3,23,B
5327,61,3,53.55645241,36.79196384,6,5,9,1976,0.300322518,B,B,52,10311,6,1152.6307692307691,1,9,B
13133,61,3,64.61803225,47.29265345,6,7,9,1969,0.298204575,B,B,16,4048,3,1152.6307692307691,1,3,B
1676,17,2,55.29860901,33.1809614,9,14,16,1981,0.0,B,B,18,3374,5,620.0,1,2,B
16296,53,2,62.66202403,36.26187434,10,19,24,2019,0.049637257,B,B,34,7759,0,229.0,1,3,B
1095,27,2,57.60356358,58.67384886,1,7,12,2017,0.011654127,B,B,4,915,0,1152.6307692307691,0,0,B
12528,21,1,36.95716462,21.68070204,6,5,6,1962,0.034331497,B,B,25,5487,3,1152.6307692307691,0,4,B
7348,53,2,58.0640206,59.26992208,1,8,19,2017,0.049637257,B,B,34,7759,0,229.0,1,3,B
11663,42,1,40.04809883,23.55440476,7,10,17,2006,0.158249043,B,B,21,5731,0,1152.6307692307691,1,0,B
1803,124,2,48.17357556,31.97503152,5,4,5,1968,0.122090347,B,B,29,6566,7,1894.0,4,0,B
1510,88,3,62.36754608,45.0317227,5,9,9,1974,0.127375905,B,B,43,8429,3,1152.6307692307691,3,9,B
16045,27,2,63.69700999,36.407049064837906,10,14,17,2016,0.072157581,B,B,2,629,1,1152.6307692307691,0,0,A
2900,29,1,34.24579071,17.20156028,5,5,5,1966,0.069660344,B,B,31,6119,4,1152.6307692307691,1,2,B
3236,57,2,43.74828517,31.05253479,5,4,5,1970,0.133215333,B,B,49,11395,3,1406.0,3,4,A
1318,161,2,63.0558228,39.44425865,10,18,20,2013,0.000699119,B,B,14,3369,24,4129.0,0,3,B
14948,83,2,49.91011626,31.33192646,9,3,12,1978,0.007720282,B,B,38,4788,2,1152.6307692307691,0,4,B
7840,46,3,77.54370827,52.90704363,9,4,4,1962,0.188783766,B,B,31,6137,4,1152.6307692307691,0,1,B
15325,9,2,62.67879963,60.70191287,1,4,1,1977,0.161531741,B,B,25,5648,1,30.0,2,4,B
8700,23,1,77.60832785,37.35390072,15,3,3,2011,0.014072961,B,B,2,475,0,1152.6307692307691,0,0,B
15706,94,2,47.77648527,27.92087313,6,8,9,1970,0.282797669,B,B,33,8667,2,1152.6307692307691,0,6,B
14449,25,1,32.93847268,32.5711052,7,15,17,2016,0.069753361,B,B,53,13670,4,1152.6307692307691,1,11,B
16117,30,2,60.33083493,36.407049064837906,1,24,22,1977,7.82e-05,B,B,22,6398,141,1046.0,3,23,B
4529,101,1,39.14986639,19.18941957,8,11,17,1988,0.225824954,A,B,41,6558,7,1548.0,3,2,B
11199,41,2,48.10559144,30.55838551,5,7,9,1971,0.175054867,B,B,36,10055,3,1152.6307692307691,1,0,B
821,46,2,47.57343923,30.57739952,6,9,9,1971,0.0,B,B,47,11319,0,1145.0,3,5,B
68,42,2,67.07601253,32.0095348,11,16,24,2007,0.158249043,B,B,21,5731,0,1152.6307692307691,1,0,B
554,62,1,45.13309684,18.20395549,11,4,17,2016,0.072157581,B,B,2,629,1,1152.6307692307691,0,0,A
452,75,1,38.6829175,23.28879641,10,16,16,1988,0.307466659,B,A,30,5048,9,325.0,2,5,B
11394,70,3,63.2595383,41.0506291,7,12,14,1997,0.002211665,B,B,39,7614,3,1152.6307692307691,1,5,A
11393,27,2,57.63522834,31.43975554,10,13,16,2005,0.07542368,B,B,11,3097,0,1152.6307692307691,0,0,B
9535,1,1,48.46091242,36.407049064837906,0,13,0,1977,0.007122317,B,B,1,264,0,1152.6307692307691,0,1,B
4024,83,1,39.99037017,23.63631979,8,15,17,1987,0.007720282,B,B,38,4788,2,1152.6307692307691,0,4,B
10069,85,3,53.37598753,35.83321757,6,10,9,1977,0.037177818,B,B,52,11217,1,2300.0,1,7,B
12007,29,1,38.2003209,27.06610639,5,5,5,1967,0.069660344,B,B,31,6119,4,1152.6307692307691,1,2,B
12368,64,2,74.20020714,37.43975227,11,11,24,2003,0.135649789,B,B,46,7960,6,350.0,3,11,B
1259,53,3,81.31059858,80.2815833,1,20,18,2017,0.049637257,B,B,34,7759,0,229.0,1,3,B
1124,7,3,65.12647574,42.26511519,8,9,12,1985,0.035145267,B,B,42,9292,3,2620.0,0,3,B
3707,11,2,46.2661412,28.44894076,6,3,9,1973,0.012338886,B,B,35,5776,1,2078.0,2,4,B
8767,84,1,35.90736772,20.80733173,9,9,12,1967,0.006076152,B,B,30,5285,0,645.0,6,6,B
1919,11,1,35.24778601,20.35825169,10,12,12,1971,0.038692987,B,B,28,6533,1,1015.0,2,5,B
16741,99,1,38.44513923,25.62977779,6,8,9,1976,0.012338886,B,B,35,5776,1,2078.0,2,4,B
6664,53,2,59.45105344,36.12214809,10,10,24,2018,0.049637257,B,B,34,7759,0,229.0,1,3,B
5688,45,2,73.10887639,36.407049064837906,1,8,17,2014,0.195781053,B,B,23,5212,6,1152.6307692307691,3,2,B
7799,3,1,36.93082261,18.97751935,9,1,12,1971,0.265088676,B,B,37,5288,0,1937.0,3,2,B
14843,135,3,61.07575428,43.88575608,5,5,9,1972,0.007658515,B,B,35,7077,56,2301.0,3,19,B
7532,9,2,47.91777172,30.91868535,8,4,14,2010,0.13012277,B,B,8,1986,0,1152.6307692307691,0,0,B
8133,1,1,49.62064968,36.407049064837906,1,10,24,1977,0.007122317,B,B,1,264,0,1152.6307692307691,0,1,B
6264,47,3,79.99332885,47.25110417,10,3,16,1980,0.101872465,B,B,23,4583,3,1152.6307692307691,3,3,B
4125,94,1,43.42743611,18.59191388,7,12,17,2006,0.521867054,B,B,25,6149,0,1152.6307692307691,0,0,B
2410,99,2,46.84290607,31.91581332,5,5,5,1968,0.033493708,B,B,66,10573,1,1322.0,3,8,B
13607,62,3,83.00387548,36.407049064837906,0,12,0,1977,0.072157581,B,B,2,629,1,1152.6307692307691,0,0,A
1716,57,2,62.47491198,36.24548488,10,20,22,2001,0.090799103,B,B,74,19083,2,1152.6307692307691,5,15,B
1370,1,1,44.37313479,23.67984145,10,4,20,1977,0.007122317,B,B,1,264,0,1152.6307692307691,0,1,B
2273,37,3,81.2640904,44.60794641,12,8,17,2002,0.178916796,B,B,18,3594,4,192.0,1,5,B
15298,13,3,77.86730579,49.52390252,10,17,17,2000,0.090799103,B,B,74,19083,2,1152.6307692307691,5,15,B
4284,171,2,48.93911849,32.35727383,6,7,9,1968,0.019508796,B,B,37,7687,11,176.0,5,5,B
12303,27,2,62.42918553,36.407049064837906,0,14,19,1977,0.211401214,B,B,9,1892,0,1152.6307692307691,0,1,B
7808,8,1,30.53997286,14.90298417,5,1,5,1967,0.458174486,B,A,26,4439,1,1130.0,1,5,B
2203,27,1,51.2360037,36.407049064837906,0,10,0,1977,0.072157581,B,B,2,629,1,1152.6307692307691,0,0,A
7237,27,1,44.85071142,36.407049064837906,1,7,17,1977,0.072157581,B,B,2,629,1,1152.6307692307691,0,0,A
15864,27,3,47.72283507,47.09881322,9,18,99,1977,0.072157581,B,B,2,629,1,1152.6307692307691,0,0,A
2844,1,2,64.78505452,31.76871446,12,7,17,2014,0.007122317,B,B,1,264,0,1152.6307692307691,0,1,B
5729,124,1,33.68030681,18.1258887,5,5,5,1959,0.16909109,B,B,19,3856,10,1152.6307692307691,2,5,B
11812,65,2,64.06314855,44.25138344,7,3,8,1958,0.081943463,B,B,20,2738,20,1152.6307692307691,1,4,B
1779,29,1,43.61076714,16.26838736,9,7,17,2014,0.069660344,B,B,31,6119,4,1152.6307692307691,1,2,B
6442,27,2,58.16510553,36.407049064837906,1,6,19,2018,0.211401214,B,B,9,1892,0,1152.6307692307691,0,1,B
6160,31,2,44.72765685,30.31423798,5,5,9,1974,0.151346216,B,A,32,5889,10,830.0,4,1,B
8266,86,2,44.43695832,29.50731501,5,4,5,1964,0.161975568,B,A,31,7010,5,4508.0,3,7,B
9903,67,1,34.653813,22.54984788,6,7,9,1976,0.007720282,B,B,38,4788,2,1152.6307692307691,0,4,B
2867,27,1,47.98972724,36.407049064837906,1,4,12,1977,0.072157581,B,B,2,629,1,1152.6307692307691,0,0,A
6998,6,2,65.23507156,33.84909513,13,9,17,2015,0.243204519,B,B,5,1564,0,540.0,0,0,B
13932,23,2,66.93512595,36.407049064837906,1,17,17,1977,0.075778755,B,B,6,1437,3,1152.6307692307691,0,2,B
12587,74,1,53.16769296,50.32907604,1,4,17,1977,0.075778755,B,B,6,1437,3,1152.6307692307691,0,2,B
3611,11,2,61.7017668,33.34579369,11,3,10,2009,0.000169676,B,B,36,5992,0,1152.6307692307691,1,1,B
2646,61,3,66.69189984,45.22355232,9,13,12,1965,0.300322518,B,B,52,10311,6,1152.6307692307691,1,9,B
1890,42,1,41.99188405,24.85006627,8,6,9,2006,0.158249043,B,B,21,5731,0,1152.6307692307691,1,0,B
860,47,2,55.70165982,34.58557448,9,10,17,2002,7e-05,B,B,46,10309,1,240.0,1,16,B
14187,111,2,49.34683132,33.92012564,5,4,5,1966,0.0,B,B,36,6714,2,2672.0,0,2,B
12569,75,2,59.11011989,35.80797071,10,6,17,1999,0.122090347,B,B,29,6566,7,1894.0,4,0,B
1276,23,2,54.49141735,51.64096815,1,5,3,2020,0.005767451,B,B,1,388,0,1152.6307692307691,0,0,B
12025,45,1,39.35389754,36.407049064837906,1,17,1,1977,0.195781053,B,B,23,5212,6,1152.6307692307691,3,2,B
4890,25,2,84.39816716,42.44814246,16,14,25,2012,0.069753361,B,B,53,13670,4,1152.6307692307691,1,11,B
14410,167,2,57.90699648,35.62563715,6,8,6,1941,0.050272014,B,B,21,4231,14,1020.0,0,3,B
10352,73,3,68.97055565,46.82388976,7,5,5,1928,0.042031587,B,B,37,6856,84,1940.0,2,5,B
11407,79,4,37.92034787,21.35748713,6,6,17,2014,0.307466659,B,A,30,5048,9,325.0,2,5,B
10384,15,1,41.96975268,21.1001371,7,10,14,2006,0.158249043,B,B,21,5731,0,1152.6307692307691,1,0,B
7622,107,2,60.91875983,34.82460241,8,22,23,2011,0.050272014,B,B,21,4231,14,1020.0,0,3,B
12578,23,2,65.27726764,36.407049064837906,1,3,17,1977,0.075778755,B,B,6,1437,3,1152.6307692307691,0,2,B
15820,88,1,37.01395376,23.14029728,9,9,9,1976,0.127375905,B,B,43,8429,3,1152.6307692307691,3,9,B
563,1,2,66.92279302,64.39559326,1,4,17,1977,0.007122317,B,B,1,264,0,1152.6307692307691,0,1,B
15226,87,1,36.23750837,22.74873654,6,7,9,1982,0.100455735,B,B,43,7227,0,1152.6307692307691,1,6,A
6396,6,3,80.74638251,36.407049064837906,1,12,17,1977,0.243204519,B,B,5,1564,0,540.0,0,0,B
6247,1,1,42.25608207,36.407049064837906,1,18,17,1977,0.007122317,B,B,1,264,0,1152.6307692307691,0,1,B
3339,83,1,34.4376249,18.11436924,6,8,9,1977,0.007720282,B,B,38,4788,2,1152.6307692307691,0,4,B
10975,118,2,59.11171146,34.19230996,8,8,10,1959,0.21843974,B,B,21,4472,6,1450.0,4,7,A
7475,23,2,54.66495853,36.407049064837906,1,5,12,1977,0.034656082,B,B,0,168,0,1152.6307692307691,0,0,B
11129,208,1,32.77010854,22.61629491,5,4,5,1961,0.042031587,B,B,37,6856,84,1940.0,2,5,B
3051,111,3,63.56229649,45.51057855,5,5,5,1962,0.1363303,B,B,30,6141,10,262.0,3,6,B
10232,84,2,57.68478474,37.72663762,8,1,5,1956,0.006076152,B,B,30,5285,0,645.0,6,6,B
14106,6,2,67.93371378,36.407049064837906,12,11,17,1977,0.243204519,B,B,5,1564,0,540.0,0,0,B
5502,32,2,48.19389742,32.85764351,6,5,14,1972,0.135649789,B,B,46,7960,6,350.0,3,11,B
4558,23,1,32.00855803,31.81697142,1,9,17,2017,0.034656082,B,B,0,168,0,1152.6307692307691,0,0,B
4181,27,2,53.96810277,36.407049064837906,0,13,0,1977,0.011654127,B,B,4,915,0,1152.6307692307691,0,0,B
8426,6,1,40.14086134,5.759836648,1,15,17,1977,0.243204519,B,B,5,1564,0,540.0,0,0,B
6611,99,2,44.59432542,31.8940681,5,1,9,1969,0.033493708,B,B,66,10573,1,1322.0,3,8,B
14641,27,2,60.56476625,36.407049064837906,9,13,19,2018,0.211401214,B,B,9,1892,0,1152.6307692307691,0,1,B
15539,1,3,85.63792007,36.407049064837906,1,10,20,1977,0.007122317,B,B,1,264,0,1152.6307692307691,0,1,B
13119,1,2,45.77306982,32.88614155,5,6,5,1977,0.014580716,B,B,3,760,1,1152.6307692307691,0,0,B
11716,44,1,38.68680813,21.37648572,7,4,14,2005,0.232205084,B,B,24,4860,1,80.0,0,3,B
7316,61,2,51.57892991,33.25966324,8,13,17,1989,0.300322518,B,B,52,10311,6,1152.6307692307691,1,9,B
7791,27,1,44.88254344,36.407049064837906,0,18,0,1977,0.211401214,B,B,9,1892,0,1152.6307692307691,0,1,B
13034,57,3,76.1034801,76.88374128,10,8,14,2003,0.090799103,B,B,74,19083,2,1152.6307692307691,5,15,B
1068,8,3,74.65045895,50.08434993,9,9,14,1977,0.458174486,B,A,26,4439,1,1130.0,1,5,B
4060,21,2,40.30206378,23.55503982,6,14,12,1967,0.194489265,B,B,47,8004,3,125.0,3,5,B
10172,49,2,46.10762482,30.86896089,5,8,9,1971,0.020741326,B,B,24,5613,5,1340.0,2,5,B
2591,39,2,44.20359188,30.19169131,6,10,9,1972,0.428825818,B,B,25,5011,8,730.0,0,2,B
12494,57,3,82.19384007,46.55584267,13,12,17,2000,0.090799103,B,B,74,19083,2,1152.6307692307691,5,15,B
7828,73,2,64.84341232,33.05295516,12,5,5,1977,0.042031587,B,B,37,6856,84,1940.0,2,5,B
15284,17,1,35.94356779,23.83455488,5,3,5,1963,0.0,B,B,18,3374,5,620.0,1,2,B
7947,138,1,33.6341458,21.35605061,4,8,8,1964,0.313924552,B,B,22,4625,11,3855.0,2,10,B
16335,100,2,44.45974834,28.22457584,5,8,9,1968,0.200146802,B,B,23,3975,8,770.0,2,0,B
10234,85,3,75.2199628,44.76691276,10,11,16,1983,0.037177818,B,B,52,11217,1,2300.0,1,7,B
2797,67,3,66.82232441,47.27325326,7,5,12,1978,0.100455735,B,B,43,7227,0,1152.6307692307691,1,6,A
5341,37,3,60.95800242,44.14165803,6,5,9,1973,0.127811589,B,B,28,7287,5,320.0,1,3,B
3059,61,2,62.00650237,38.82248046,10,16,25,2012,0.300322518,B,B,52,10311,6,1152.6307692307691,1,9,B
1559,23,1,31.34243277,36.407049064837906,1,7,1,1977,0.034656082,B,B,0,168,0,1152.6307692307691,0,0,B
15320,13,2,59.07511817,38.65334258,10,14,22,2001,0.133215333,B,B,49,11395,3,1406.0,3,4,A
10284,147,3,71.17908268,47.7793527,9,12,14,1974,0.319809354,B,B,25,4756,16,2857.0,5,8,B
4134,9,3,66.99652234,41.69985847,8,6,12,1980,0.136244425,B,B,11,2370,0,1152.6307692307691,0,1,B
4481,1,3,82.64904012,42.25922437,11,5,18,2016,0.007122317,B,B,1,264,0,1152.6307692307691,0,1,B
7222,62,2,73.94376825,37.57815557,13,11,17,2014,0.072157581,B,B,2,629,1,1152.6307692307691,0,0,A
4062,167,1,45.87005337,21.96262005,12,10,12,1978,0.050272014,B,B,21,4231,14,1020.0,0,3,B
2192,27,1,83.35337854,36.407049064837906,1,14,1,1977,0.017647053,B,B,2,469,0,1152.6307692307691,0,0,B
9637,27,2,76.22842921,36.407049064837906,1,7,15,1977,0.072157581,B,B,2,629,1,1152.6307692307691,0,0,A
16236,94,1,45.79468156,21.99883885,7,16,17,2001,0.521867054,B,B,25,6149,0,1152.6307692307691,0,0,B
4272,41,1,35.59460178,20.358209,6,5,9,1977,7e-05,B,B,46,10309,1,240.0,1,16,B
9406,34,2,64.60218633,58.20341461,10,23,25,2019,0.069753361,B,B,53,13670,4,1152.6307692307691,1,11,B
14309,85,3,59.23043009,47.93450362,6,7,9,1979,0.037177818,B,B,52,11217,1,2300.0,1,7,B
1946,55,3,76.99346767,42.5061464,10,6,14,1998,0.041365446,B,B,31,5569,0,1152.6307692307691,1,4,B
16235,55,2,56.56746057,36.72320689,9,16,17,1998,0.041365446,B,B,31,5569,0,1152.6307692307691,1,4,B
7146,37,1,34.74905632,19.42780404,8,3,14,1974,0.127811589,B,B,28,7287,5,320.0,1,3,B
16784,34,2,53.34322005,33.3969785,8,1,14,1993,0.069753361,B,B,53,13670,4,1152.6307692307691,1,11,B
349,34,3,88.13665051,85.27098851,10,12,25,2016,0.069753361,B,B,53,13670,4,1152.6307692307691,1,11,B
6251,18,1,43.74482957,21.27052349,8,4,14,1988,0.0,B,B,30,5562,0,1152.6307692307691,0,5,A
5128,66,3,76.99803338,49.2076524,8,3,5,1961,0.161975568,B,A,31,7010,5,4508.0,3,7,B
11718,1,2,55.34059302,36.407049064837906,1,8,17,1977,0.007122317,B,B,1,264,0,1152.6307692307691,0,1,B
16721,23,2,53.71487367,55.18427718,0,3,1,1977,0.005767451,B,B,1,388,0,1152.6307692307691,0,0,B
12517,25,2,52.45718813,33.13877663,8,3,14,1994,0.069753361,B,B,53,13670,4,1152.6307692307691,1,11,B
15961,2,2,46.58879978,31.53435311,5,6,5,1969,0.309479124,B,B,35,7715,4,990.0,0,6,B
9428,80,1,36.54107365,22.33560509,6,1,9,1979,0.0,B,B,39,8647,0,810.0,0,5,B
14541,3,1,36.02730852,23.52769239,5,7,5,1970,0.265088676,B,B,37,5288,0,1937.0,3,2,B
10168,58,1,52.11562252,36.407049064837906,0,8,9,1977,0.43788524,B,B,23,5735,3,1084.0,0,5,B
11270,33,1,34.0006459,36.407049064837906,0,15,14,1977,0.236108458,B,B,16,3893,27,1152.6307692307691,3,10,B
13210,93,2,65.97604035,38.47489822,10,7,24,2013,0.050900058,B,B,43,10621,1,30.0,2,3,B
11518,23,2,64.39343125,36.407049064837906,1,6,17,1977,0.075778755,B,B,6,1437,3,1152.6307692307691,0,2,B
12612,27,2,60.98849587,33.64672612,60,5,17,2013,0.072157581,B,B,2,629,1,1152.6307692307691,0,0,A
16352,23,2,56.06537189,54.81541181,1,6,17,2015,0.034656082,B,B,0,168,0,1152.6307692307691,0,0,B
9935,27,2,42.25201302,43.12578733,10,15,17,2018,0.072157581,B,B,2,629,1,1152.6307692307691,0,0,A
15521,72,3,67.61670454,40.2157654,8,9,9,1977,0.210473241,B,B,11,2398,2,1994.0,3,0,B
11482,8,2,47.7846869,29.63045607,6,2,9,1982,0.219006007,B,B,28,6746,3,1152.6307692307691,1,4,B
11443,130,1,32.98834938,22.3046665,7,7,9,1963,0.341071945,B,B,27,5664,48,2300.0,3,11,B
9459,187,2,54.2624348,31.59207712,11,13,14,2001,0.041116354,B,B,53,14892,4,1152.6307692307691,1,4,B
9218,120,1,28.98265525,17.75962612,6,2,8,1962,0.341071945,B,B,27,5664,48,2300.0,3,11,B
854,58,1,42.38566594,20.46163238,9,9,10,2008,0.148903891,B,B,9,1952,1,1430.0,3,2,B
5619,30,1,45.5497533,43.33984953,1,9,9,1977,7.82e-05,B,B,22,6398,141,1046.0,3,23,B
9208,109,1,33.62465647,21.59975229,5,6,9,1966,0.1363303,B,B,30,6141,10,262.0,3,6,B
4391,27,2,40.02549053,43.60307248,10,8,12,2016,0.072157581,B,B,2,629,1,1152.6307692307691,0,0,A
15207,62,1,37.6768751,21.00695296,6,2,9,1973,0.002211665,B,B,39,7614,3,1152.6307692307691,1,5,A
7183,6,2,67.4670968,36.407049064837906,1,7,17,1977,0.243204519,B,B,5,1564,0,540.0,0,0,B
16442,6,3,82.92660487,36.407049064837906,0,8,17,1977,0.243204519,B,B,5,1564,0,540.0,0,0,B
7936,23,1,42.43391543,39.95955692,9,3,17,2015,0.034656082,B,B,0,168,0,1152.6307692307691,0,0,B
10606,107,2,76.80042052,45.71092298,8,4,5,1935,0.174739084,B,B,17,3379,9,100.0,0,3,B
4979,44,1,32.99127328,25.16395938,5,9,9,1963,0.232205084,B,B,24,4860,1,80.0,0,3,B
4854,7,2,60.69826501,33.94084384,8,19,22,2009,0.035145267,B,B,42,9292,3,2620.0,0,3,B
16476,27,1,43.66506247,36.407049064837906,1,6,1,1977,0.072157581,B,B,2,629,1,1152.6307692307691,0,0,A
10516,113,1,34.9424372,20.97707844,6,2,9,1972,0.050755569,B,B,24,5469,1,145.0,0,1,B
16261,62,4,66.52151027,50.92256567,5,8,9,1976,0.002211665,B,B,39,7614,3,1152.6307692307691,1,5,A
90,51,3,75.40175367,52.98752445,4,2,6,1931,0.015016892,B,B,17,3079,59,2890.0,0,8,B
5433,55,1,41.86894218,22.8280533,8,14,14,1999,0.041365446,B,B,31,5569,0,1152.6307692307691,1,4,B
14338,27,1,48.159571,45.67607831,1,3,1,1977,0.072157581,B,B,2,629,1,1152.6307692307691,0,0,A
13487,30,3,80.36115318,79.79373209,1,14,17,1977,7.82e-05,B,B,22,6398,141,1046.0,3,23,B
8211,48,3,98.29220514,98.81189989,1,11,1,2017,0.041124634,B,B,46,9515,5,1152.6307692307691,1,10,B
14051,27,1,41.79470647,38.47119303,1,16,19,1977,0.211401214,B,B,9,1892,0,1152.6307692307691,0,1,B
10686,40,2,49.63912673,33.5933048,5,6,5,1962,0.210473241,B,B,11,2398,2,1994.0,3,0,B
7595,28,2,66.51211235,33.14612753,10,9,23,2009,0.333891544,B,B,30,6564,1,1152.6307692307691,0,0,B
6777,5,3,100.5466705,58.4929364,12,15,17,2019,0.150817539,B,B,16,3433,4,2643.0,4,5,B
14661,27,2,67.4702192,32.28464194,1,5,1,1977,0.017647053,B,B,2,469,0,1152.6307692307691,0,0,B
13991,22,3,74.84868812,46.46237723,10,16,17,1989,0.133215333,B,B,49,11395,3,1406.0,3,4,A
16795,3,2,42.36696713,30.42937704,5,4,5,1968,0.265088676,B,B,37,5288,0,1937.0,3,2,B
2740,27,1,45.07973135,45.36792042,10,15,17,2015,0.072157581,B,B,2,629,1,1152.6307692307691,0,0,A
7368,73,2,57.44144338,33.81518144,8,8,8,1963,0.042031587,B,B,37,6856,84,1940.0,2,5,B
2413,12,2,58.42616851,34.36664045,9,7,17,1993,0.090799103,B,B,74,19083,2,1152.6307692307691,5,15,B
1852,59,3,100.4624073,101.9636435,0,21,20,2015,0.019508796,B,B,37,7687,11,176.0,5,5,B
15200,101,4,101.4372323,72.96708521,8,4,5,1960,0.225824954,A,B,41,6558,7,1548.0,3,2,B
8467,8,3,74.48213387,45.64719995,9,16,17,1986,0.092290642,B,B,21,4346,2,165.0,1,2,B
16379,168,2,55.02318115,30.94001019,7,2,5,1926,0.341071945,B,B,27,5664,48,2300.0,3,11,B
3375,9,2,61.79563589,36.407049064837906,1,4,1,1977,0.161531741,B,B,25,5648,1,30.0,2,4,B
5945,20,3,105.6780552,64.12309517,14,13,17,2012,0.019508796,B,B,37,7687,11,176.0,5,5,B
2641,30,2,68.68285776,36.407049064837906,1,12,12,2016,7.82e-05,B,B,22,6398,141,1046.0,3,23,B
2837,77,3,82.95303848,50.88722039,8,3,12,1982,7e-05,B,B,46,10309,1,240.0,1,16,B
3498,61,3,55.90176334,37.0475337,6,1,9,1978,0.300322518,B,B,52,10311,6,1152.6307692307691,1,9,B
10876,27,1,43.02532858,22.83794661,8,7,10,2010,0.041116354,B,B,53,14892,4,1152.6307692307691,1,4,B
1285,5,2,47.96095122,29.94201146,5,6,12,1977,0.150817539,B,B,16,3433,4,2643.0,4,5,B
9285,74,2,75.45352967,36.407049064837906,1,5,17,1977,0.075778755,B,B,6,1437,3,1152.6307692307691,0,2,B
4015,34,3,83.47455489,48.17824109,8,4,12,2000,0.069753361,B,B,53,13670,4,1152.6307692307691,1,11,B
2526,28,1,44.97697543,23.87716551,8,4,14,1990,0.118537385,B,B,30,6207,1,1183.0,1,0,B
7814,139,1,43.30422229,17.90676131,8,10,9,2006,0.122090347,B,B,29,6566,7,1894.0,4,0,B
7117,115,2,49.93497481,32.5796349,8,3,12,1969,1.8e-09,B,B,16,3681,73,1815.0,2,5,B
12359,27,1,46.75054925,36.407049064837906,0,16,0,1977,0.211401214,B,B,9,1892,0,1152.6307692307691,0,1,B
3303,74,2,80.52475085,36.407049064837906,0,5,0,1977,0.309479124,B,B,35,7715,4,990.0,0,6,B
13874,94,2,48.6862004,32.00626444,6,10,12,1975,0.521867054,B,B,25,6149,0,1152.6307692307691,0,0,B
5484,88,1,41.49390099,36.407049064837906,1,18,17,1977,0.127375905,B,B,43,8429,3,1152.6307692307691,3,9,B
15067,1,1,39.47579654,23.09805503,8,12,17,1992,0.025609157,B,B,33,5261,0,240.0,3,1,B
12639,32,2,46.44711484,27.09942153,6,4,9,1972,0.135649789,B,B,46,7960,6,350.0,3,11,B
3388,85,3,62.30490184,38.24230594,6,8,9,1979,0.037177818,B,B,52,11217,1,2300.0,1,7,B
4256,53,1,41.42639924,19.35909745,8,15,16,1981,0.049637257,B,B,34,7759,0,229.0,1,3,B
15738,129,1,42.7652916,17.89062286,8,7,22,2012,0.020741326,B,B,24,5613,5,1340.0,2,5,B
14049,58,2,45.91764782,31.72984793,5,1,9,1971,0.050755569,B,B,24,5469,1,145.0,0,1,B
15780,29,2,39.30487716,23.84721955,7,10,9,1967,0.069660344,B,B,31,6119,4,1152.6307692307691,1,2,B
9564,96,1,41.47248149,23.16199005,8,12,17,1996,0.041116354,B,B,53,14892,4,1152.6307692307691,1,4,B
11910,77,2,48.73199184,34.20142101,6,3,12,1975,7e-05,B,B,46,10309,1,240.0,1,16,B
11315,30,3,93.20139588,36.407049064837906,1,3,2,2017,7.82e-05,B,B,22,6398,141,1046.0,3,23,B
1733,93,1,40.52656591,20.99475073,7,15,17,2003,0.521867054,B,B,25,6149,0,1152.6307692307691,0,0,B
3910,20,2,58.76057205,31.51307292,9,13,23,2006,0.019508796,B,B,37,7687,11,176.0,5,5,B
7552,108,3,76.58325194,55.91370746,1,2,8,1959,0.0,B,B,25,5027,4,46.0,1,1,B
254,15,1,53.37265034,22.83298952,11,11,17,2007,0.158249043,B,B,21,5731,0,1152.6307692307691,1,0,B
5222,8,2,55.47519848,34.40189666,8,11,12,1987,0.43788524,B,B,23,5735,3,1084.0,0,5,B
8314,53,2,49.74802654,32.01304652,5,8,9,1968,0.313924552,B,B,22,4625,11,3855.0,2,10,B
16743,123,1,51.43853671,26.06612961,13,15,17,2004,0.0,B,B,6,2733,0,920.0,0,4,B
10335,27,1,29.66689546,18.00869389,6,5,5,1979,0.07542368,B,B,11,3097,0,1152.6307692307691,0,0,B
8226,1,3,78.95741488,46.03739024,10,5,17,1989,0.025609157,B,B,33,5261,0,240.0,3,1,B
12254,45,1,39.58597947,39.51257542,9,5,17,2017,0.195781053,B,B,23,5212,6,1152.6307692307691,3,2,B
13152,99,2,56.79383266,38.92873453,6,10,9,1973,0.012338886,B,B,35,5776,1,2078.0,2,4,B
15020,61,2,41.66545771,24.84290619,6,5,14,1980,0.300322518,B,B,52,10311,6,1152.6307692307691,1,9,B
16349,160,2,52.19851224,32.00125438,8,4,16,1986,0.0,B,B,39,8647,0,810.0,0,5,B
11924,45,1,31.77240296,19.53004597,5,5,5,1964,0.014423114,B,B,19,3806,4,1152.6307692307691,0,3,B
12543,13,1,39.90591905,22.84193773,10,18,22,1999,0.090799103,B,B,74,19083,2,1152.6307692307691,5,15,B
14114,138,2,49.20656626,32.83257398,6,5,9,1976,0.1363303,B,B,30,6141,10,262.0,3,6,B
12318,11,3,66.5240981,63.20275192,7,7,12,1975,0.000169676,B,B,36,5992,0,1152.6307692307691,1,1,B
15383,61,2,44.30863624,28.2373345,5,7,3,1961,0.298204575,B,B,16,4048,3,1152.6307692307691,1,3,B
635,34,1,33.74211915,33.33656549,1,16,1,2018,0.069753361,B,B,53,13670,4,1152.6307692307691,1,11,B
15993,86,3,60.68475162,41.82231818,5,9,9,1973,0.161975568,B,A,31,7010,5,4508.0,3,7,B
11375,130,1,40.82858951,20.71710596,8,3,9,1964,0.341071945,B,B,27,5664,48,2300.0,3,11,B
11216,9,2,62.21808199,36.407049064837906,1,6,18,1977,0.161531741,B,B,25,5648,1,30.0,2,4,B
15401,13,2,51.39579122,32.65082602,8,6,17,2001,0.090799103,B,B,74,19083,2,1152.6307692307691,5,15,B
11301,62,2,51.21539058,30.22215352,7,3,12,1980,0.386771659,B,B,5,1135,0,1152.6307692307691,0,0,A
13804,103,3,60.00717668,44.69829959,5,4,10,1971,0.014423114,B,B,19,3806,4,1152.6307692307691,0,3,B
10839,81,2,48.56876996,34.7472825,5,5,5,1964,0.006076152,B,B,30,5285,0,645.0,6,6,B
1588,34,3,83.39982785,45.49308652,9,4,22,1996,0.069753361,B,B,53,13670,4,1152.6307692307691,1,11,B
3596,41,2,45.06980131,28.78009441,5,10,9,1969,0.175054867,B,B,36,10055,3,1152.6307692307691,1,0,B
5816,8,2,46.11347246,33.40666959,5,6,5,1971,0.43788524,B,B,23,5735,3,1084.0,0,5,B
8099,1,1,40.5750285,42.05730586,1,6,17,1977,0.007122317,B,B,1,264,0,1152.6307692307691,0,1,B
6551,3,2,48.75330007,31.23263924,9,13,14,1973,0.050900058,B,B,43,10621,1,30.0,2,3,B
14075,64,4,101.2380995,63.78033711,10,13,22,2002,0.135649789,B,B,46,7960,6,350.0,3,11,B
13431,85,2,48.03309698,30.86354393,6,3,9,1977,0.037177818,B,B,52,11217,1,2300.0,1,7,B
9481,124,3,65.31584938,40.72731921,8,5,9,1978,0.16909109,B,B,19,3856,10,1152.6307692307691,2,5,B
5295,1,1,42.62820494,22.83809643,8,4,17,1990,0.025609157,B,B,33,5261,0,240.0,3,1,B
15859,13,3,82.31104819,45.7384364,12,12,17,2001,0.090799103,B,B,74,19083,2,1152.6307692307691,5,15,B
10634,169,3,90.40925007,86.15461272,1,3,3,2017,0.178916796,B,B,18,3594,4,192.0,1,5,B
444,32,1,42.07890406,21.30785479,8,13,25,1991,0.135649789,B,B,46,7960,6,350.0,3,11,B
11686,13,2,62.74593925,37.56275411,10,8,16,1981,0.090799103,B,B,74,19083,2,1152.6307692307691,5,15,B
1213,6,3,76.88427811,2.063414961,1,13,17,1977,0.243204519,B,B,5,1564,0,540.0,0,0,B
13970,8,1,49.80697558,45.91082507,1,32,32,2009,0.092290642,B,B,21,4346,2,165.0,1,2,B
6849,33,3,95.36272463,36.407049064837906,0,16,17,1977,0.236108458,B,B,16,3893,27,1152.6307692307691,3,10,B
9911,115,1,39.59207595,23.64859344,9,11,12,1971,1.8e-09,B,B,16,3681,73,1815.0,2,5,B
5649,6,2,53.69652645,14.52556555,9,14,17,2014,0.243204519,B,B,5,1564,0,540.0,0,0,B
7184,185,2,54.49277755,30.40022695,9,17,17,2004,0.025609157,B,B,33,5261,0,240.0,3,1,B
5877,77,3,69.11237659,43.37663288,8,4,16,1978,7e-05,B,B,46,10309,1,240.0,1,16,B
1655,95,1,44.94350123,36.407049064837906,0,4,0,1977,0.000699119,B,B,14,3369,24,4129.0,0,3,B
15301,107,2,39.77720098,25.89793944,5,4,9,1966,0.174739084,B,B,17,3379,9,100.0,0,3,B
12389,27,3,99.61490633,36.407049064837906,1,10,16,2016,0.072157581,B,B,2,629,1,1152.6307692307691,0,0,A
5241,46,3,67.5288381,48.13048683,5,7,9,1968,0.0,B,B,47,11319,0,1145.0,3,5,B
7048,75,1,32.81808265,19.21331871,5,3,14,1965,0.122090347,B,B,29,6566,7,1894.0,4,0,B
10574,23,3,66.47191801,64.60692391,1,5,1,2017,0.034656082,B,B,0,168,0,1152.6307692307691,0,0,B
8593,1,2,47.85136507,33.66704801,6,5,12,1983,0.059456227,B,B,1,362,0,1152.6307692307691,0,0,B
4752,87,1,39.84835194,21.24744106,8,18,17,1988,0.100455735,B,B,43,7227,0,1152.6307692307691,1,6,A
14663,80,1,40.29627926,19.2612824,9,21,22,1988,0.0,B,B,39,8647,0,810.0,0,5,B
10994,62,3,89.50345888,90.6345377,1,5,12,1977,0.072157581,B,B,2,629,1,1152.6307692307691,0,0,A
87,23,1,37.23558745,36.407049064837906,1,5,3,1977,0.005767451,B,B,1,388,0,1152.6307692307691,0,0,B
5132,6,1,39.35238607,36.407049064837906,1,12,1,1977,0.243204519,B,B,5,1564,0,540.0,0,0,B
6372,155,2,78.16550988,51.01409432,10,5,5,1914,0.042307271,B,B,17,2810,9,4849.0,3,6,B
7411,88,2,65.73780079,37.92760162,12,14,17,2008,0.127375905,B,B,43,8429,3,1152.6307692307691,3,9,B
3319,48,2,50.6270065,48.79007897,6,12,12,1981,0.041124634,B,B,46,9515,5,1152.6307692307691,1,10,B
9355,58,1,36.66131385,22.4833091,6,3,9,1972,0.31019913,B,B,11,2748,1,1152.6307692307691,0,0,B
5139,34,2,59.92774491,36.407049064837906,1,5,1,2014,0.069753361,B,B,53,13670,4,1152.6307692307691,1,11,B
56,8,2,65.81016593,36.66376811,12,4,17,2006,0.092290642,B,B,21,4346,2,165.0,1,2,B
3249,70,1,36.04589052,21.59877796,7,8,9,1974,0.002211665,B,B,39,7614,3,1152.6307692307691,1,5,A
5047,23,1,39.36140693,23.16016646,10,5,15,2017,0.034656082,B,B,0,168,0,1152.6307692307691,0,0,B
13238,74,3,119.607482,36.407049064837906,10,8,12,2017,0.075778755,B,B,6,1437,3,1152.6307692307691,0,2,B
2190,18,3,77.29932268,45.38316356,10,16,17,1986,0.0,B,B,30,5562,0,1152.6307692307691,0,5,A
15599,6,2,61.44316524,64.47804424,1,5,17,2016,0.243204519,B,B,5,1564,0,540.0,0,0,B
6542,6,2,55.84996525,33.65861646,9,13,17,2016,0.243204519,B,B,5,1564,0,540.0,0,0,B
5630,23,3,75.68849618,44.72851921,11,4,17,2014,0.075778755,B,B,6,1437,3,1152.6307692307691,0,2,B
9157,58,3,94.8762772,36.407049064837906,0,5,3,1977,0.43788524,B,B,23,5735,3,1084.0,0,5,B
789,67,1,47.66024012,36.407049064837906,1,12,22,1977,0.007720282,B,B,38,4788,2,1152.6307692307691,0,4,B
1413,57,3,68.39393724,41.20837672,8,7,12,1982,0.133215333,B,B,49,11395,3,1406.0,3,4,A
12514,24,3,58.35006786,39.0556325,6,5,5,1959,0.111627393,B,B,50,12238,8,1970.0,2,3,B
13459,1,1,40.09294297,36.407049064837906,1,6,17,1977,0.007122317,B,B,1,264,0,1152.6307692307691,0,1,B
1345,53,3,50.83773396,38.09769023,5,8,9,1969,0.049637257,B,B,34,7759,0,229.0,1,3,B
4034,111,2,46.91772951,33.15402534,5,6,5,1969,0.135649789,B,B,46,7960,6,350.0,3,11,B
15169,21,1,34.0937924,20.20685175,6,8,9,1972,0.194489265,B,B,47,8004,3,125.0,3,5,B
6770,74,2,81.33754907,36.407049064837906,1,13,1,1977,0.075778755,B,B,6,1437,3,1152.6307692307691,0,2,B
3334,120,1,33.50706978,22.23001891,5,2,9,1972,0.341071945,B,B,27,5664,48,2300.0,3,11,B
12998,139,1,35.15670937,23.70640633,5,3,5,1964,0.122090347,B,B,29,6566,7,1894.0,4,0,B
15870,44,2,54.30058655,33.52509647,8,2,14,1990,0.036122292,B,B,24,4378,0,1036.0,1,1,B
1871,1,1,48.61324994,36.407049064837906,1,13,16,2015,0.007122317,B,B,1,264,0,1152.6307692307691,0,1,B
5770,140,1,31.40718144,17.91411396,0,5,5,1962,0.0,B,B,33,7425,1,1152.6307692307691,2,5,B
13196,23,3,70.41757284,36.407049064837906,1,4,1,1977,0.005767451,B,B,1,388,0,1152.6307692307691,0,0,B
7633,53,1,40.67562654,36.407049064837906,1,21,21,1977,0.049637257,B,B,34,7759,0,229.0,1,3,B
10699,5,2,43.80717699,29.39249886,5,7,9,1971,0.150817539,B,B,16,3433,4,2643.0,4,5,B
15470,55,2,46.72095455,31.92912973,6,7,9,1972,0.012338886,B,B,35,5776,1,2078.0,2,4,B
1903,113,4,118.5582453,72.28271982,10,16,17,2001,0.060753049,B,B,15,2787,2,520.0,0,7,B
13860,176,2,56.39101594,35.83222776,7,1,5,1960,0.08761909,B,B,8,1497,5,1152.6307692307691,1,0,B
7649,30,2,54.10198717,29.9033543,7,4,4,1952,7.82e-05,B,B,22,6398,141,1046.0,3,23,B
11043,14,2,43.48959419,30.41986043,5,4,5,1963,0.042031587,B,B,37,6856,84,1940.0,2,5,B
2922,111,1,39.1725036,22.66616733,10,21,22,2006,0.093442564,B,B,23,4635,5,3300.0,2,4,B
7538,43,3,63.79065569,46.0513069,4,4,7,1930,0.212515361,B,B,19,3293,16,628.0,3,7,B
9477,27,1,36.61937468,36.407049064837906,8,16,25,2017,0.072157581,B,B,2,629,1,1152.6307692307691,0,0,A
1457,94,2,57.97217488,33.42459507,9,9,17,1983,0.282797669,B,B,33,8667,2,1152.6307692307691,0,6,B
7082,41,1,38.64798061,18.87109515,9,1,12,1980,0.175054867,B,B,36,10055,3,1152.6307692307691,1,0,B
3053,13,2,60.13069105,36.15545735,10,10,14,1998,0.090799103,B,B,74,19083,2,1152.6307692307691,5,15,B
12522,27,1,44.85444911,42.76106084,0,14,22,1977,0.211401214,B,B,9,1892,0,1152.6307692307691,0,1,B
5744,73,2,74.48878942,73.45254376,1,4,17,2017,0.042031587,B,B,37,6856,84,1940.0,2,5,B
13566,141,3,67.09662526,47.4966363,7,1,5,1953,0.000699119,B,B,14,3369,24,4129.0,0,3,B
1464,27,1,44.85708253,20.84476408,12,8,1,1977,0.017647053,B,B,2,469,0,1152.6307692307691,0,0,B
3852,58,1,49.90641028,1.873833746,1,6,1,2018,0.43788524,B,B,23,5735,3,1084.0,0,5,B
9557,24,2,50.75225063,31.09433444,6,7,5,1960,0.111627393,B,B,50,12238,8,1970.0,2,3,B
14719,31,3,76.43584022,41.34873269,10,1,9,2002,0.151346216,B,A,32,5889,10,830.0,4,1,B
13978,30,1,39.87715233,36.407049064837906,1,18,17,1977,7.82e-05,B,B,22,6398,141,1046.0,3,23,B
3286,94,1,32.64632612,20.94696327,6,10,9,1971,0.282797669,B,B,33,8667,2,1152.6307692307691,0,6,B
13019,61,3,80.24691728,44.63365268,9,9,22,1997,0.300322518,B,B,52,10311,6,1152.6307692307691,1,9,B
1421,164,1,34.96194302,21.20956029,5,2,5,1965,0.486245621,B,B,13,2514,19,1152.6307692307691,0,6,B
13502,75,1,39.50592608,21.97881528,9,11,12,1972,0.307466659,B,A,30,5048,9,325.0,2,5,B
14811,58,1,41.05789526,36.407049064837906,1,17,17,1977,0.43788524,B,B,23,5735,3,1084.0,0,5,B
9297,148,2,61.87886299,35.83654421,10,4,17,1986,0.313924552,B,B,22,4625,11,3855.0,2,10,B
7749,119,3,109.3699997,35.30962172,11,7,24,2000,0.000995363,B,B,42,7651,1,1152.6307692307691,1,5,B
16555,1,1,38.40776282,36.407049064837906,1,13,17,1977,0.007122317,B,B,1,264,0,1152.6307692307691,0,1,B
14576,103,1,39.17277542,20.97075473,10,3,12,1966,0.014423114,B,B,19,3806,4,1152.6307692307691,0,3,B
12766,74,1,46.23897213,36.407049064837906,10,8,20,1977,0.075778755,B,B,6,1437,3,1152.6307692307691,0,2,B
4679,30,2,33.44430622,30.72658479,5,5,5,1968,7.82e-05,B,B,22,6398,141,1046.0,3,23,B
10033,167,1,35.67779413,20.88312348,9,10,12,1970,0.051942062,B,B,17,4017,7,800.0,2,0,B
11231,73,2,45.80427564,31.24890218,5,5,5,1966,0.042031587,B,B,37,6856,84,1940.0,2,5,B
15112,29,1,34.65680369,25.22547004,1,10,14,2011,0.069660344,B,B,31,6119,4,1152.6307692307691,1,2,B
10617,6,2,65.70638709,36.407049064837906,1,14,1,2014,0.243204519,B,B,5,1564,0,540.0,0,0,B
2175,67,1,39.47785228,24.18916845,6,5,9,1978,0.100455735,B,B,43,7227,0,1152.6307692307691,1,6,A
10106,46,1,40.21102816,22.73256113,10,7,22,1991,0.188783766,B,B,31,6137,4,1152.6307692307691,0,1,B
12561,75,1,35.84884966,20.11987521,5,6,5,1972,0.122090347,B,B,29,6566,7,1894.0,4,0,B
15907,28,2,66.09687046,32.8777777,10,13,23,2009,0.333891544,B,B,30,6564,1,1152.6307692307691,0,0,B
8069,23,1,44.90457865,36.407049064837906,1,20,25,1977,0.075778755,B,B,6,1437,3,1152.6307692307691,0,2,B
8316,6,1,38.33332857,36.407049064837906,0,7,17,1977,0.243204519,B,B,5,1564,0,540.0,0,0,B
12343,13,2,55.63884114,34.07108486,9,16,17,2000,0.090799103,B,B,74,19083,2,1152.6307692307691,5,15,B
1527,151,1,34.81500802,18.14997184,5,3,5,1966,0.236108458,B,B,16,3893,27,1152.6307692307691,3,10,B
10010,58,3,89.86859836,87.4593218,0,9,0,1977,0.43788524,B,B,23,5735,3,1084.0,0,5,B
655,23,1,43.01731876,21.77637072,10,13,25,2013,0.075778755,B,B,6,1437,3,1152.6307692307691,0,2,B
10549,58,1,35.82748435,18.05826817,6,12,12,1981,0.43788524,B,B,23,5735,3,1084.0,0,5,B
3248,23,1,42.78899857,43.55721932,0,3,17,1977,0.075778755,B,B,6,1437,3,1152.6307692307691,0,2,B
13499,21,2,64.77691626,34.18215567,12,17,17,2007,0.034331497,B,B,25,5487,3,1152.6307692307691,0,4,B
14959,1,2,64.11244079,1.181139151,1,13,17,1977,0.007122317,B,B,1,264,0,1152.6307692307691,0,1,B
6070,88,1,35.11884487,23.02963224,5,6,9,1975,0.127375905,B,B,43,8429,3,1152.6307692307691,3,9,B
11360,27,3,80.73977136,44.30166613,11,5,17,2007,0.07542368,B,B,11,3097,0,1152.6307692307691,0,0,B
12102,6,3,74.07253412,36.407049064837906,0,17,0,1977,0.243204519,B,B,5,1564,0,540.0,0,0,B
11870,185,3,76.54322466,47.53175778,10,5,17,1991,0.025609157,B,B,33,5261,0,240.0,3,1,B
3713,93,1,45.95551777,19.42257579,1,3,21,2018,0.004949358,B,B,0,186,0,1152.6307692307691,0,0,B
3230,39,1,35.85282552,20.36090161,5,5,5,1976,0.428825818,B,B,25,5011,8,730.0,0,2,B
7742,55,2,54.75165696,33.42666692,8,3,14,1996,0.041365446,B,B,31,5569,0,1152.6307692307691,1,4,B
15092,34,3,84.91865614,36.407049064837906,10,14,20,1977,0.069753361,B,B,53,13670,4,1152.6307692307691,1,11,B
8728,109,2,58.10522564,36.407049064837906,9,1,12,1977,0.093442564,B,B,23,4635,5,3300.0,2,4,B
3386,27,2,58.45424203,36.407049064837906,8,11,12,1977,0.011654127,B,B,4,915,0,1152.6307692307691,0,0,B
9409,8,1,33.77103193,21.58666278,6,6,9,1971,0.458174486,B,A,26,4439,1,1130.0,1,5,B
16545,25,2,62.33138526,36.407049064837906,0,14,25,1977,0.069753361,B,B,53,13670,4,1152.6307692307691,1,11,B
3127,11,1,39.3404853,20.96145465,8,5,12,1976,0.000169676,B,B,36,5992,0,1152.6307692307691,1,1,B
11344,3,1,40.14663818,19.53340672,8,4,16,1980,0.265088676,B,B,37,5288,0,1937.0,3,2,B
2112,39,3,57.29345742,39.72928155,5,3,9,1970,0.428825818,B,B,25,5011,8,730.0,0,2,B
7310,31,2,44.21664176,29.83841252,5,5,5,1960,0.151346216,B,A,32,5889,10,830.0,4,1,B
6313,1,3,80.67710601,52.90218882,10,9,17,2014,0.007122317,B,B,1,264,0,1152.6307692307691,0,1,B
3681,111,3,79.43493883,53.2103172,8,6,12,1987,0.093442564,B,B,23,4635,5,3300.0,2,4,B
5114,98,3,84.65158951,57.82056567,9,7,8,1963,0.195781053,B,B,23,5212,6,1152.6307692307691,3,2,B
270,83,1,32.28788437,18.33403663,6,8,9,1973,0.007720282,B,B,38,4788,2,1152.6307692307691,0,4,B
14350,6,2,63.95471097,36.407049064837906,1,12,1,2014,0.243204519,B,B,5,1564,0,540.0,0,0,B
12223,53,3,77.99182738,48.48124955,10,9,16,1982,0.049637257,B,B,34,7759,0,229.0,1,3,B
1066,79,2,44.01226548,29.39766438,5,2,5,1969,0.307466659,B,A,30,5048,9,325.0,2,5,B
16116,76,3,75.59234417,46.55778506,10,7,16,1979,0.0,B,B,7,1660,39,1786.0,1,5,B
11410,108,3,81.98501505,55.90998518,8,4,9,1957,0.0,B,B,25,5027,4,46.0,1,1,B
4088,22,1,39.67093817,18.67523514,9,9,20,2013,0.118537385,B,B,30,6207,1,1183.0,1,0,B
5956,119,1,45.31289451,22.34948535,10,13,14,2010,0.000995363,B,B,42,7651,1,1152.6307692307691,1,5,B
13871,58,1,35.14906993,17.49845836,7,9,9,1969,0.148903891,B,B,9,1952,1,1430.0,3,2,B
4126,21,2,53.53522573,33.06845095,9,12,17,1988,0.034331497,B,B,25,5487,3,1152.6307692307691,0,4,B
12114,75,2,48.97394533,45.54140849,6,4,9,1967,0.122090347,B,B,29,6566,7,1894.0,4,0,B
16607,2,1,35.79617976,22.17900619,5,6,9,1967,0.0,B,B,33,7425,1,1152.6307692307691,2,5,B
4266,194,2,41.14129742,23.96054386,6,10,12,1973,0.174739084,B,B,17,3379,9,100.0,0,3,B
13518,26,2,48.50786206,30.48039628,5,4,12,1967,0.0,B,B,36,6714,2,2672.0,0,2,B
11856,25,2,74.37681531,44.48825553,5,4,25,2006,0.069753361,B,B,53,13670,4,1152.6307692307691,1,11,B
3885,74,2,78.96900311,36.407049064837906,1,10,1,1977,0.075778755,B,B,6,1437,3,1152.6307692307691,0,2,B
8891,47,1,43.82797974,22.50938146,7,11,17,2009,0.197367951,B,B,8,2423,1,32.0,0,1,B
4964,31,1,31.34697382,17.26116744,5,6,5,1963,0.151346216,B,A,32,5889,10,830.0,4,1,B
7696,23,2,74.64631863,75.214411,1,5,1,2015,0.014072961,B,B,2,475,0,1152.6307692307691,0,0,B
9766,70,1,33.51027476,20.94712421,7,11,12,1975,0.002211665,B,B,39,7614,3,1152.6307692307691,1,5,A
4800,99,1,34.65933243,23.40665538,10,9,12,1974,0.012338886,B,B,35,5776,1,2078.0,2,4,B
2840,105,1,38.69195981,21.00819304,10,14,12,1973,0.040242764,B,B,25,3478,11,2729.0,3,1,B
4743,6,2,59.47879834,36.49312866,12,14,17,2011,0.243204519,B,B,5,1564,0,540.0,0,0,B
13562,78,5,116.6569547,69.56100552,10,5,14,2001,0.219006007,B,B,28,6746,3,1152.6307692307691,1,4,B
8301,1,2,64.67644466,36.407049064837906,1,17,17,1977,0.007122317,B,B,1,264,0,1152.6307692307691,0,1,B
5405,21,1,43.10381387,21.23475609,8,3,17,2006,0.194489265,B,B,47,8004,3,125.0,3,5,B
1535,22,2,43.21317401,25.35299675,5,6,5,1966,0.133215333,B,B,49,11395,3,1406.0,3,4,A
9073,6,1,38.52108688,36.407049064837906,1,17,17,1977,0.243204519,B,B,5,1564,0,540.0,0,0,B
1698,13,3,77.95697472,47.3068882,10,19,22,2001,0.090799103,B,B,74,19083,2,1152.6307692307691,5,15,B
12262,1,3,81.38355446,36.407049064837906,1,8,17,1977,0.007122317,B,B,1,264,0,1152.6307692307691,0,1,B
6794,1,2,55.2452369,36.407049064837906,1,11,17,1977,0.007122317,B,B,1,264,0,1152.6307692307691,0,1,B
12701,37,1,44.06033875,20.71578847,8,9,12,1983,0.232205084,B,B,24,4860,1,80.0,0,3,B
8432,52,2,65.43531192,66.84014043,1,13,17,1977,0.371148999,B,B,34,7065,1,750.0,2,5,B
13540,29,1,35.81374528,22.77296658,5,3,5,1963,0.086885265,B,B,10,2277,2,1547.0,0,0,B
8629,1,1,42.95319588,25.8363924,8,3,14,1995,0.025609157,B,B,33,5261,0,240.0,3,1,B
1440,29,2,45.52167885,26.47337541,5,7,5,1964,0.069660344,B,B,31,6119,4,1152.6307692307691,1,2,B
8596,47,2,48.11315962,30.40824722,5,9,9,1978,0.101872465,B,B,23,4583,3,1152.6307692307691,3,3,B
9575,47,3,67.92825485,41.00727653,8,5,12,1978,7e-05,B,B,46,10309,1,240.0,1,16,B
14976,27,1,37.54815551,36.407049064837906,1,20,19,1977,0.211401214,B,B,9,1892,0,1152.6307692307691,0,1,B
3149,141,2,39.58923094,13.50185844,5,8,13,1967,0.0,B,B,23,3684,2,1152.6307692307691,0,4,B
5157,23,2,70.34844345,39.54158874,14,5,1,2018,0.075778755,B,B,6,1437,3,1152.6307692307691,0,2,B
10748,27,2,64.25160382,34.38333938,1,16,16,2015,0.017647053,B,B,2,469,0,1152.6307692307691,0,0,B
9719,78,3,84.35644858,49.81364347,10,20,22,2006,0.219006007,B,B,28,6746,3,1152.6307692307691,1,4,B
6376,2,1,42.37619756,23.71370076,9,9,14,1977,0.309479124,B,B,35,7715,4,990.0,0,6,B
9733,84,1,41.55681764,23.94142854,7,12,12,1969,0.149666373,B,B,22,4789,2,4087.0,4,1,B
4749,9,3,69.55209059,41.69485611,8,4,10,2011,0.161531741,B,B,25,5648,1,30.0,2,4,B
4994,38,3,87.35830654,48.26159495,11,15,16,2002,0.060753049,B,B,15,2787,2,520.0,0,7,B
538,123,1,43.79346146,22.57592747,10,6,16,2007,0.0,B,B,47,11319,0,1145.0,3,5,B
5512,27,2,50.2254767,31.72039118,6,4,5,1981,0.051815435,B,B,5,1227,0,1152.6307692307691,0,0,B
9778,0,1,38.89431329,20.61487492,10,4,12,1974,0.006076152,B,B,30,5285,0,645.0,6,6,B
9761,27,1,58.30317938,57.48379234,10,9,17,2018,0.011654127,B,B,4,915,0,1152.6307692307691,0,0,B
3174,13,4,96.25953782,63.8476813,10,6,10,1996,0.090799103,B,B,74,19083,2,1152.6307692307691,5,15,B
13429,22,2,60.55011323,36.407049064837906,1,7,17,1977,0.118537385,B,B,30,6207,1,1183.0,1,0,B
10467,23,1,31.18269226,28.83108295,1,12,17,1977,0.034656082,B,B,0,168,0,1152.6307692307691,0,0,B
14129,144,1,42.81881426,23.83314879,8,5,12,1982,0.306977489,B,B,27,5148,14,1575.0,5,7,B
13608,30,3,77.96273925,36.407049064837906,1,5,17,1977,7.82e-05,B,B,22,6398,141,1046.0,3,23,B
11106,27,3,47.44340028,36.407049064837906,0,6,25,1977,0.072157581,B,B,2,629,1,1152.6307692307691,0,0,A
12048,71,1,41.48076857,21.98654136,8,8,14,1998,0.033493708,B,B,66,10573,1,1322.0,3,8,B
1054,42,4,96.82315118,64.0651979,11,5,12,2006,0.158249043,B,B,21,5731,0,1152.6307692307691,1,0,B
3582,189,2,46.97019265,32.35887142,5,6,5,1965,7.82e-05,B,B,22,6398,141,1046.0,3,23,B
1566,29,1,31.49895413,17.64066706,6,6,9,1977,0.069660344,B,B,31,6119,4,1152.6307692307691,1,2,B
11529,1,2,46.58558565,26.07062521,5,4,5,1965,0.036270089,B,B,6,1318,1,200.0,1,1,B
11859,2,1,30.41131056,22.9335998,4,7,5,1962,0.0,B,B,33,7425,1,1152.6307692307691,2,5,B
10582,1,1,43.35833823,36.407049064837906,1,15,22,1977,0.007122317,B,B,1,264,0,1152.6307692307691,0,1,B
14907,130,4,116.5649326,75.04516224,10,5,9,1960,0.21843974,B,B,21,4472,6,1450.0,4,7,A
14039,29,1,38.64495754,22.28519972,8,3,5,1960,0.069660344,B,B,31,6119,4,1152.6307692307691,1,2,B
10489,62,2,68.93625304,36.86627624,16,6,17,2012,0.072157581,B,B,2,629,1,1152.6307692307691,0,0,A
3331,9,3,75.47051212,45.01903957,10,10,17,1995,0.069753361,B,B,53,13670,4,1152.6307692307691,1,11,B
10153,1,3,80.40701312,79.44415099,1,16,17,1977,0.007122317,B,B,1,264,0,1152.6307692307691,0,1,B
5271,52,1,40.73026513,20.32069682,8,19,17,1989,0.371148999,B,B,34,7065,1,750.0,2,5,B
11871,48,2,83.74677627,36.407049064837906,10,19,25,2017,0.041124634,B,B,46,9515,5,1152.6307692307691,1,10,B
776,27,2,45.37888764,34.52689836,5,6,5,1978,0.051815435,B,B,5,1227,0,1152.6307692307691,0,0,B
3994,23,2,55.8512312,34.40533923,7,4,5,1986,0.014072961,B,B,2,475,0,1152.6307692307691,0,0,B
9433,23,1,31.22986415,36.407049064837906,1,14,12,2018,0.034656082,B,B,0,168,0,1152.6307692307691,0,0,B
14275,27,1,47.52711071,43.38756921,1,17,17,2017,0.072157581,B,B,2,629,1,1152.6307692307691,0,0,A
8030,19,2,67.51872164,38.90503817,7,5,5,1956,0.309479124,B,B,35,7715,4,990.0,0,6,B
8169,61,2,66.23281408,36.407049064837906,0,5,0,1977,0.300322518,B,B,52,10311,6,1152.6307692307691,1,9,B
8053,41,1,43.13978129,23.71726957,8,15,17,1994,0.036122292,B,B,24,4378,0,1036.0,1,1,B
4822,58,3,63.22767862,47.88754738,6,4,9,1968,0.050755569,B,B,24,5469,1,145.0,0,1,B
13197,99,2,61.07390193,44.76664743,6,4,10,1970,0.033493708,B,B,66,10573,1,1322.0,3,8,B
13634,56,1,51.58538397,49.08777399,1,18,25,2016,0.0,B,B,23,5067,4,1152.6307692307691,2,6,B
8951,127,2,44.04502412,28.70614228,5,4,5,1960,0.486245621,B,B,13,2514,19,1152.6307692307691,0,6,B
12176,145,2,62.23332919,33.94152162,10,18,17,1988,0.0,B,B,30,5562,0,1152.6307692307691,0,5,A
15471,3,1,35.87615247,18.85316451,6,8,9,1974,0.050900058,B,B,43,10621,1,30.0,2,3,B
14962,1,1,52.8296763,36.407049064837906,6,12,12,2016,0.014580716,B,B,3,760,1,1152.6307692307691,0,0,B
12512,27,1,40.95067262,36.407049064837906,0,2,0,1977,0.017647053,B,B,2,469,0,1152.6307692307691,0,0,B
8697,54,3,107.2614033,36.407049064837906,9,4,17,2013,0.006076152,B,B,30,5285,0,645.0,6,6,B
7095,99,2,55.43638002,36.10374434,9,13,14,1998,0.033493708,B,B,66,10573,1,1322.0,3,8,B
13639,9,2,58.59438304,29.09254676,9,6,15,2007,0.161531741,B,B,25,5648,1,30.0,2,4,B
16660,74,2,45.88170225,30.80602388,5,2,5,1966,0.371148999,B,B,34,7065,1,750.0,2,5,B
5848,1,1,40.17892461,36.407049064837906,1,17,17,1977,0.007122317,B,B,1,264,0,1152.6307692307691,0,1,B
5386,85,1,41.24874494,22.62303495,10,19,22,1989,0.037177818,B,B,52,11217,1,2300.0,1,7,B
10880,169,2,66.74859608,36.407049064837906,1,14,17,1977,0.178916796,B,B,18,3594,4,192.0,1,5,B
3954,47,1,38.51345811,23.00079726,8,12,12,1983,7e-05,B,B,46,10309,1,240.0,1,16,B
13426,209,3,57.32044282,43.18783706,6,4,5,1967,0.040242764,B,B,25,3478,11,2729.0,3,1,B
5966,53,2,44.43824905,31.42301777,5,8,9,1966,0.049637257,B,B,34,7759,0,229.0,1,3,B
16315,52,3,80.57458409,48.89105629,10,19,17,1988,0.371148999,B,B,34,7065,1,750.0,2,5,B
7455,36,2,38.24668871,26.7314135,7,6,9,1965,0.08761909,B,B,8,1497,5,1152.6307692307691,1,0,B
11071,55,2,54.54498574,34.52752787,9,13,17,1997,0.041365446,B,B,31,5569,0,1152.6307692307691,1,4,B
14740,111,2,46.01078633,28.76597623,5,6,9,1977,0.135649789,B,B,46,7960,6,350.0,3,11,B
16087,112,1,41.71971466,17.78788434,8,19,18,2008,0.069660344,B,B,31,6119,4,1152.6307692307691,1,2,B
8931,9,3,88.9006279,51.15029134,10,9,13,2016,0.161531741,B,B,25,5648,1,30.0,2,4,B
15289,58,2,65.2331802,69.88778236,1,4,3,1977,0.43788524,B,B,23,5735,3,1084.0,0,5,B
16089,66,2,57.06517331,36.95947586,7,2,5,1957,0.161975568,B,A,31,7010,5,4508.0,3,7,B
12128,6,2,67.35766837,36.407049064837906,0,14,17,1977,0.243204519,B,B,5,1564,0,540.0,0,0,B
4724,99,3,62.06653178,44.1900097,6,7,9,1973,0.012338886,B,B,35,5776,1,2078.0,2,4,B
8585,2,2,47.28812379,29.67902336,6,6,9,1973,0.035145267,B,B,42,9292,3,2620.0,0,3,B
7188,59,1,44.30161335,36.407049064837906,1,16,17,1977,0.019508796,B,B,37,7687,11,176.0,5,5,B
5423,23,2,93.98565808,51.3293594,15,18,25,2012,0.075778755,B,B,6,1437,3,1152.6307692307691,0,2,B
10488,23,3,80.56389072,36.407049064837906,1,19,25,1977,0.075778755,B,B,6,1437,3,1152.6307692307691,0,2,B
5980,99,3,62.83106277,40.25452331,6,4,9,1972,0.012338886,B,B,35,5776,1,2078.0,2,4,B
8376,74,2,73.51594929,36.407049064837906,0,6,0,1977,0.075778755,B,B,6,1437,3,1152.6307692307691,0,2,B
12397,27,1,52.13697207,1.551167173,1,10,12,2016,0.072157581,B,B,2,629,1,1152.6307692307691,0,0,A
16496,4,1,39.97674932,16.91486717,9,11,2,1972,0.327018035,B,B,12,2270,23,2500.0,1,0,B
4891,18,3,63.24806887,41.88273529,7,9,14,1987,0.0,B,B,30,5562,0,1152.6307692307691,0,5,A
9710,27,2,58.88629239,60.72761703,0,13,0,1977,0.211401214,B,B,9,1892,0,1152.6307692307691,0,1,B
6339,8,1,42.72502375,20.43974947,7,2,14,2010,0.43788524,B,B,23,5735,3,1084.0,0,5,B
244,1,2,75.43590522,36.407049064837906,0,7,0,1977,0.014580716,B,B,3,760,1,1152.6307692307691,0,0,B
5002,1,3,82.62484279,4.379317433,1,5,17,2016,0.007122317,B,B,1,264,0,1152.6307692307691,0,1,B
5358,62,2,60.97076319,36.407049064837906,1,5,1,1977,0.072157581,B,B,2,629,1,1152.6307692307691,0,0,A
7636,6,2,51.54330516,36.407049064837906,0,8,17,1977,0.243204519,B,B,5,1564,0,540.0,0,0,B
9361,96,3,79.23918092,50.06269872,10,11,22,1997,0.041116354,B,B,53,14892,4,1152.6307692307691,1,4,B
3601,30,1,42.04688632,44.17475862,1,13,11,2016,7.82e-05,B,B,22,6398,141,1046.0,3,23,B
15755,39,1,37.21207405,18.79996933,7,7,5,1979,0.428825818,B,B,25,5011,8,730.0,0,2,B
172,6,2,63.53702153,36.407049064837906,1,9,25,1977,0.243204519,B,B,5,1564,0,540.0,0,0,B
3037,156,2,57.66976927,31.95694614,11,17,16,1981,0.007658515,B,B,35,7077,56,2301.0,3,19,B
577,100,3,55.68017302,41.25916244,5,5,5,1956,0.200146802,B,B,23,3975,8,770.0,2,0,B
3607,94,2,41.74844775,21.26851129,8,12,12,1981,0.127375905,B,B,43,8429,3,1152.6307692307691,3,9,B
2515,23,1,49.52032487,36.407049064837906,1,4,16,2016,0.014072961,B,B,2,475,0,1152.6307692307691,0,0,B
10413,78,1,34.90916277,20.35789124,6,6,9,1973,0.092290642,B,B,21,4346,2,165.0,1,2,B
10511,119,2,55.3489856,31.51409333,8,18,17,1997,0.000995363,B,B,42,7651,1,1152.6307692307691,1,5,B
4637,0,4,107.1613485,67.03513278,10,10,22,2007,0.319809354,B,B,25,4756,16,2857.0,5,8,B
12736,9,3,89.24396403,45.99828586,10,16,22,1987,0.136244425,B,B,11,2370,0,1152.6307692307691,0,1,B
9534,41,2,53.41007943,31.87702887,8,6,17,1984,0.175054867,B,B,36,10055,3,1152.6307692307691,1,0,B
11641,27,2,86.47206156,36.407049064837906,1,2,6,1977,0.07542368,B,B,11,3097,0,1152.6307692307691,0,0,B
10419,85,4,65.78695278,47.24958729,6,8,9,1981,0.037177818,B,B,52,11217,1,2300.0,1,7,B
15313,76,1,37.58702793,15.03996128,7,3,9,1965,0.0,B,B,7,1660,39,1786.0,1,5,B
14915,10,2,38.26940528,25.64675516,6,5,14,1971,0.089039719,B,B,33,7976,5,1152.6307692307691,0,11,B
12409,19,3,81.95835167,48.94254119,10,18,17,1996,0.000991363,B,B,33,6783,3,1152.6307692307691,1,9,B
9405,6,1,41.22510699,36.407049064837906,1,25,25,1977,0.243204519,B,B,5,1564,0,540.0,0,0,B
14066,79,2,49.24404934,31.38595384,7,5,9,1979,0.307466659,B,A,30,5048,9,325.0,2,5,B
14108,17,1,32.23332778,20.97466793,7,7,9,1967,0.0,B,B,18,3374,5,620.0,1,2,B
11931,9,3,81.44153182,81.22233103,1,11,1,1977,0.161531741,B,B,25,5648,1,30.0,2,4,B
11464,59,2,68.69220691,36.407049064837906,1,9,20,2017,0.0,B,B,18,3374,5,620.0,1,2,B
926,21,1,35.23450777,19.02663538,5,6,5,1962,0.034331497,B,B,25,5487,3,1152.6307692307691,0,4,B
11190,6,3,83.07196605,36.407049064837906,1,10,17,1977,0.243204519,B,B,5,1564,0,540.0,0,0,B
10260,6,2,66.36818566,36.407049064837906,0,19,17,1977,0.243204519,B,B,5,1564,0,540.0,0,0,B
12712,3,2,52.35996514,30.19670698,9,13,12,1975,0.050900058,B,B,43,10621,1,30.0,2,3,B
1234,1,2,71.90870883,75.4770583,1,3,22,2016,0.007122317,B,B,1,264,0,1152.6307692307691,0,1,B
11608,27,1,41.57523256,36.407049064837906,1,19,22,1977,0.211401214,B,B,9,1892,0,1152.6307692307691,0,1,B
3776,47,3,64.76659486,46.40417479,6,11,12,1978,7e-05,B,B,46,10309,1,240.0,1,16,B
4881,1,2,64.59900935,66.50899888,1,17,17,1977,0.007122317,B,B,1,264,0,1152.6307692307691,0,1,B
10266,23,3,78.70514519,78.95987404,1,4,3,2015,0.034656082,B,B,0,168,0,1152.6307692307691,0,0,B
3262,37,3,61.16162599,46.84941606,6,5,9,1974,0.127811589,B,B,28,7287,5,320.0,1,3,B
3576,121,3,78.98523476,49.7311036,10,3,14,1998,0.212515361,B,B,19,3293,16,628.0,3,7,B
16604,17,3,100.0009175,102.1170154,0,4,0,1977,0.0,B,B,18,3374,5,620.0,1,2,B
8041,76,1,39.70596909,19.40533371,9,8,12,1970,0.0,B,B,7,1660,39,1786.0,1,5,B
10691,23,3,104.151513,36.407049064837906,1,19,25,1977,0.075778755,B,B,6,1437,3,1152.6307692307691,0,2,B
8357,75,1,40.4896751,22.71311638,8,13,14,1969,0.307466659,B,A,30,5048,9,325.0,2,5,B
11661,21,1,36.96362777,23.83347649,5,3,5,1967,0.194489265,B,B,47,8004,3,125.0,3,5,B
4453,12,2,56.8009082,32.64742527,8,12,17,1986,0.090799103,B,B,74,19083,2,1152.6307692307691,5,15,B
15936,6,3,81.55772364,36.407049064837906,1,17,17,1977,0.243204519,B,B,5,1564,0,540.0,0,0,B
8463,19,2,59.0221825,33.89148856,11,11,14,2006,0.309479124,B,B,35,7715,4,990.0,0,6,B
15770,122,2,57.21085874,30.22114536,12,2,10,1997,0.033493708,B,B,66,10573,1,1322.0,3,8,B
466,90,1,39.11578247,21.15087324,9,11,12,1971,0.265088676,B,B,37,5288,0,1937.0,3,2,B
14965,23,1,40.54162625,36.407049064837906,1,6,17,1977,0.034656082,B,B,0,168,0,1152.6307692307691,0,0,B
11227,118,1,35.31505945,19.54138185,7,3,5,1952,0.21843974,B,B,21,4472,6,1450.0,4,7,A
9894,99,3,70.1404959,40.22192434,9,8,16,1981,0.033493708,B,B,66,10573,1,1322.0,3,8,B
11746,66,2,42.30313816,27.32773513,5,4,5,1962,0.161975568,B,A,31,7010,5,4508.0,3,7,B
4118,1,1,44.24239609,36.407049064837906,1,2,22,1977,0.007122317,B,B,1,264,0,1152.6307692307691,0,1,B
756,85,3,77.29324421,50.57468075,10,14,16,1982,0.037177818,B,B,52,11217,1,2300.0,1,7,B
15589,71,2,54.73818373,30.14730892,11,15,16,1983,0.407276235,A,B,9,1768,0,370.0,0,0,A
109,38,2,77.57091626,39.78748088,1,27,26,2017,0.060753049,B,B,15,2787,2,520.0,0,7,B
5778,18,2,52.61241526,31.63908832,9,10,12,1982,0.0,B,B,30,5562,0,1152.6307692307691,0,5,A
1731,23,2,54.59602783,31.22590587,10,4,3,2016,0.005767451,B,B,1,388,0,1152.6307692307691,0,0,B
3450,93,1,38.64810812,20.62427243,8,4,14,1986,0.521867054,B,B,25,6149,0,1152.6307692307691,0,0,B
2961,103,1,38.40665116,21.82993267,8,2,17,2000,0.000699119,B,B,14,3369,24,4129.0,0,3,B
222,2,1,37.27667679,22.53840612,9,4,14,1970,0.309479124,B,B,35,7715,4,990.0,0,6,B
11454,28,4,102.2593337,77.66891309,9,5,5,1957,0.118537385,B,B,30,6207,1,1183.0,1,0,B
7339,6,2,67.88583506,36.407049064837906,1,12,17,1977,0.243204519,B,B,5,1564,0,540.0,0,0,B
12096,27,1,39.90649131,16.70899883,1,3,19,1977,0.211401214,B,B,9,1892,0,1152.6307692307691,0,1,B
14074,62,2,49.4663162,33.57166718,6,2,9,1976,0.002211665,B,B,39,7614,3,1152.6307692307691,1,5,A
6603,49,2,59.22348128,39.46088213,8,5,5,1962,0.020741326,B,B,24,5613,5,1340.0,2,5,B
3289,62,1,35.12052478,36.407049064837906,0,26,0,1977,0.072157581,B,B,2,629,1,1152.6307692307691,0,0,A
16681,58,3,77.6933952,46.77809647,10,10,14,1996,0.148903891,B,B,9,1952,1,1430.0,3,2,B
8200,15,3,82.99674492,44.25876285,12,8,12,2006,0.158249043,B,B,21,5731,0,1152.6307692307691,1,0,B
3343,58,0,116.8242005,113.6924238,0,3,3,1977,0.43788524,B,B,23,5735,3,1084.0,0,5,B
7802,145,1,42.18468215,19.74364172,8,14,14,1966,0.0,B,B,30,5562,0,1152.6307692307691,0,5,A
2082,177,3,78.66358951,54.86606553,9,4,8,1960,0.0,B,B,36,6714,2,2672.0,0,2,B
217,80,2,59.43956297,33.99154728,10,11,17,1989,0.0,B,B,39,8647,0,810.0,0,5,B
1720,44,2,43.2149711,27.39620527,5,3,5,1966,0.232205084,B,B,24,4860,1,80.0,0,3,B
7224,67,3,63.48878504,42.27345661,8,6,9,1977,0.100455735,B,B,43,7227,0,1152.6307692307691,1,6,A
6176,27,2,42.37748781,41.74829124,1,14,17,2014,0.072157581,B,B,2,629,1,1152.6307692307691,0,0,A
12571,2,2,56.09479474,34.07181973,10,10,16,1973,0.130617806,B,B,39,10418,9,900.0,1,9,B
16666,17,2,57.40806103,32.51769789,8,27,25,2002,0.0,B,B,18,3374,5,620.0,1,2,B
8908,22,2,67.12119393,36.407049064837906,1,15,17,1977,0.118537385,B,B,30,6207,1,1183.0,1,0,B
6914,93,2,48.56274186,29.01192457,6,6,9,1978,0.050900058,B,B,43,10621,1,30.0,2,3,B
5428,27,2,62.3260438,36.407049064837906,61,12,17,1977,0.072157581,B,B,2,629,1,1152.6307692307691,0,0,A
381,1,2,54.89000566,36.407049064837906,1,11,17,1977,0.007122317,B,B,1,264,0,1152.6307692307691,0,1,B
3991,44,1,42.86492393,20.10545195,10,11,18,2004,0.232205084,B,B,24,4860,1,80.0,0,3,B
16365,178,2,55.00290278,31.770071,9,10,12,1976,0.212515361,B,B,19,3293,16,628.0,3,7,B
1046,46,3,50.37091607,34.20686948,6,1,9,1975,0.150817539,B,B,16,3433,4,2643.0,4,5,B
391,99,1,33.21163651,20.81459698,6,8,9,1973,0.012338886,B,B,35,5776,1,2078.0,2,4,B
9212,121,3,67.35340644,47.10108549,7,12,12,1976,0.212515361,B,B,19,3293,16,628.0,3,7,B
3022,83,1,42.70103167,19.3830287,7,16,17,2000,0.007720282,B,B,38,4788,2,1152.6307692307691,0,4,B
9961,23,1,51.28947636,36.407049064837906,1,3,17,1977,0.014072961,B,B,2,475,0,1152.6307692307691,0,0,B
6764,104,2,45.58102389,26.98243219,6,5,5,1917,7.82e-05,B,B,22,6398,141,1046.0,3,23,B
7720,48,1,35.16928731,18.08548178,6,3,9,1981,0.041124634,B,B,46,9515,5,1152.6307692307691,1,10,B
4809,1,2,68.67221762,67.20114287,1,5,9,2016,0.007122317,B,B,1,264,0,1152.6307692307691,0,1,B
8877,55,3,85.99932894,44.89264174,10,16,17,1989,0.041365446,B,B,31,5569,0,1152.6307692307691,1,4,B
7817,81,2,43.00678539,27.34187342,5,5,5,1964,0.006076152,B,B,30,5285,0,645.0,6,6,B
10614,27,1,44.25499476,36.407049064837906,1,3,1,1977,0.211401214,B,B,9,1892,0,1152.6307692307691,0,1,B
5553,22,3,80.68829375,36.407049064837906,1,7,1,1977,0.118537385,B,B,30,6207,1,1183.0,1,0,B
16488,9,1,34.73056003,21.26125019,9,10,22,1988,0.136244425,B,B,11,2370,0,1152.6307692307691,0,1,B
11002,119,2,39.88853665,25.39979185,6,5,9,1968,0.033493708,B,B,66,10573,1,1322.0,3,8,B
13592,31,3,68.56716857,69.15656737,7,3,9,1960,0.0,B,B,23,3684,2,1152.6307692307691,0,4,B
15050,28,3,61.37808759,42.60584812,6,6,9,1971,0.118537385,B,B,30,6207,1,1183.0,1,0,B
13553,94,2,60.62225047,36.407049064837906,0,23,24,1977,0.282797669,B,B,33,8667,2,1152.6307692307691,0,6,B
9041,27,2,86.13049105,46.39926422,15,7,14,2009,0.051815435,B,B,5,1227,0,1152.6307692307691,0,0,B
5461,155,4,86.95595259,63.15980777,6,4,6,1938,0.042307271,B,B,17,2810,9,4849.0,3,6,B
16274,113,1,103.7634343,104.9269218,1,21,20,2014,0.050755569,B,B,24,5469,1,145.0,0,1,B
6245,23,2,59.85697851,36.407049064837906,1,8,25,1977,0.075778755,B,B,6,1437,3,1152.6307692307691,0,2,B
8245,123,2,44.49695417,29.1221259,5,2,9,1969,0.0,B,B,47,11319,0,1145.0,3,5,B
6491,6,3,80.52416501,40.70104008,1,6,1,2016,0.243204519,B,B,5,1564,0,540.0,0,0,B
